"","V1","V2","V3","V4","V5","V6","V7","V8","V9","V10","V11","V12","V13","V14","V15","V16","V17","V18","V19","V20","V21","V22","V23","V24","V25","V26","V27","V28","V29","V30","V31","V32","V33","V34","V35","V36","V37","V38","V39","V40","V41","V42","V43","V44","V45","V46","V47","V48","V49","V50","V51","V52","V53","V54","V55","V56","V57","V58","V59","V60","V61","V62","V63","V64","V65","V66","V67","V68","V69","V70","V71","V72","V73","V74","V75","V76","V77","V78","V79","V80","V81","V82","V83","V84","V85","V86","V87","V88","V89","V90","V91","V92","V93","V94","V95","V96","V97","V98","V99","V100"
"1",0.907233293377285,0.585859304764759,0.826694386175207,0.709327656244797,0.793778094096494,0.804320663936337,1.0100520677255,0.733899995421703,0.80244356208171,0.750095728032497,0.727153464522359,0.802339509872473,0.966749076016382,0.831467885326141,0.603751706456231,0.697517314287617,0.907935645789631,0.616348597376219,0.768820897013285,0.816701413861419,0.577858651316885,0.835161738754037,0.426974286618053,0.641437335597509,1.0100520677255,0.670843451370159,0.8233237189092,0.699065611161056,0.796408673375953,0.720895764658875,0.748917440815103,0.549640811773715,0.733899995421703,0.697517314287617,0.689713332001465,0.770426072986381,0.673051928295541,0.797145015482969,0.794959919089002,0.733899995421703,0.816701413861419,0.825134227349915,0.705910783554756,0.794959919089002,0.831467885326141,0.782794759098325,0.714684403406253,0.914269303765857,0.707690825508607,0.787621116771551,0.684872889821197,0.828125728365465,0.792165701062165,0.831467885326141,0.691198966553458,0.71924466420271,0.805881909066693,0.805881909066693,0.835161738754037,0.641808177671228,0.805881909066693,0.681578715496287,0.663111677155129,0.796408673375953,0.937722671727766,0.706009716395298,0.530439017081211,0.647241101455066,0.779241584257317,0.782794759098325,0.831467885326141,0.777365314820364,0.707690825508607,0.719594279625745,0.787621116771551,0.637633952652083,0.802312456298072,0.914269303765857,0.768759156594413,0.729153347983884,0.816701413861419,0.735457577498085,0.808271873855426,0.729153347983884,1.0100520677255,0.750095728032497,0.725783721239969,0.792165701062165,0.735457577498085,0.794959919089002,0.907233293377285,0.618621183364965,0.835161738754037,0.797145015482969,0.825134227349915,0.907935645789631,0.966749076016382,0.768820897013285,0.845785469317084,0.831467885326141
"2",0.907233293377285,0.585859304764759,0.826694386175207,0.709327656244797,0.793778094096494,0.804320663936337,1.0310133852762,0.733899995421703,0.80244356208171,0.750095728032497,0.727153464522359,0.802339509872473,0.966749076016382,0.831467885326141,0.667248526620717,0.697517314287617,0.907935645789631,0.616348597376219,0.863834382179602,0.816701413861419,0.577858651316885,0.835161738754037,0.587063813138881,0.641437335597509,1.0100520677255,0.679351540388905,0.8233237189092,0.699065611161056,0.796408673375953,0.726606149901775,0.748917440815103,0.556487447141478,0.733899995421703,0.697517314287617,0.689713332001465,0.770426072986381,0.673051928295541,0.797145015482969,0.794959919089002,0.733899995421703,0.816701413861419,0.825134227349915,0.705910783554756,0.794959919089002,0.890652781939866,0.782794759098325,0.822177338261246,0.914269303765857,0.822177338261246,0.787621116771551,0.684872889821197,0.886207671561283,0.792165701062165,0.831467885326141,0.691198966553458,0.71924466420271,0.82544173700596,0.805881909066693,0.835161738754037,0.641808177671228,0.805881909066693,0.681578715496287,0.663111677155129,0.802598989028735,0.937722671727766,0.706009716395298,0.530439017081211,0.647241101455066,0.779241584257317,0.782794759098325,0.831467885326141,0.777365314820364,0.707690825508607,0.719594279625745,0.787621116771551,0.637633952652083,0.802312456298072,0.914269303765857,0.843132554190391,0.729153347983884,0.816701413861419,0.735457577498085,0.808271873855426,0.732799337395531,1.0310133852762,0.750095728032497,0.834591116438584,0.792165701062165,0.735457577498085,0.794959919089002,0.907233293377285,0.618621183364965,0.835161738754037,0.797145015482969,0.825134227349915,0.907935645789631,0.966749076016382,0.768820897013285,0.845785469317084,0.831467885326141
"3",0.907233293377285,0.594599690340625,0.826694386175207,0.727076882096361,0.793778094096494,0.804320663936337,1.0310133852762,0.750730336213498,0.80244356208171,0.852004461758732,0.727153464522359,0.802339509872473,0.966749076016382,0.873713082276163,0.667248526620717,0.697517314287617,0.907935645789631,0.616348597376219,0.863834382179602,0.816701413861419,0.591912723087937,0.835161738754037,0.587063813138881,0.649553407917957,1.0100520677255,0.679351540388905,0.8233237189092,0.699065611161056,0.796408673375953,0.726606149901775,0.748917440815103,0.556487447141478,0.733899995421703,0.697517314287617,0.689713332001465,0.770426072986381,0.684025669680019,0.797145015482969,0.794959919089002,0.733899995421703,0.816701413861419,0.825134227349915,0.705910783554756,0.794959919089002,0.890652781939866,0.782794759098325,0.822177338261246,0.914269303765857,0.822177338261246,0.787621116771551,0.697517314287617,0.886207671561283,0.792165701062165,0.831467885326141,0.691198966553458,0.71924466420271,0.82544173700596,0.820080290846735,0.835161738754037,0.641808177671228,0.813338425648453,0.681578715496287,0.663111677155129,0.810261414527353,0.937722671727766,0.822177338261246,0.530439017081211,0.647241101455066,0.790778893217461,0.782794759098325,0.890652781939866,0.777365314820364,0.707690825508607,0.719594279625745,0.81070509939067,0.637633952652083,0.802312456298072,0.914269303765857,0.843132554190391,0.729153347983884,0.816701413861419,0.735457577498085,0.808271873855426,0.732799337395531,1.0310133852762,0.750095728032497,0.834591116438584,0.792165701062165,0.735457577498085,0.794959919089002,0.907233293377285,0.640472147304632,0.835161738754037,0.797145015482969,0.825134227349915,0.907935645789631,0.966749076016382,0.863834382179602,0.845785469317084,0.831467885326141
"4",0.907233293377285,0.594599690340625,0.838231695135351,0.738678703426231,0.793778094096494,0.804320663936337,1.0310133852762,0.750730336213498,0.80244356208171,0.852004461758732,0.727153464522359,0.867740485465987,0.966749076016382,0.873713082276163,0.667248526620717,0.709054623247761,0.907935645789631,0.624480985083075,0.863834382179602,0.816701413861419,0.617067469533513,0.835161738754037,0.587063813138881,0.649553407917957,1.0100520677255,0.679351540388905,0.8233237189092,0.699065611161056,0.796408673375953,0.726606149901775,0.748917440815103,0.556487447141478,0.74660893225785,0.697517314287617,0.689713332001465,0.771031656844138,0.684025669680019,0.799542378383778,0.864211866946359,0.733899995421703,0.816701413861419,0.886207671561283,0.705910783554756,0.864211866946359,0.890652781939866,0.782794759098325,0.822177338261246,0.914269303765857,0.822177338261246,0.809596943362301,0.72421503013352,0.886207671561283,0.798700179802218,0.831467885326141,0.811179435953784,0.725539822861519,0.82544173700596,0.889170957779775,0.835161738754037,0.646453068291546,0.813338425648453,0.681578715496287,0.711623564079512,0.810261414527353,0.937722671727766,0.822177338261246,0.530439017081211,0.647241101455066,0.790778893217461,0.785759206539473,0.890652781939866,0.777365314820364,0.716795872456964,0.719594279625745,0.81070509939067,0.689168889221856,0.802312456298072,0.914269303765857,0.843132554190391,0.729153347983884,0.816701413861419,0.735457577498085,0.887248260247061,0.732799337395531,1.0310133852762,0.750095728032497,0.834591116438584,0.792165701062165,0.735457577498085,0.794959919089002,0.951278593547098,0.640472147304632,0.835161738754037,0.797145015482969,0.825134227349915,0.907935645789631,0.966749076016382,0.863834382179602,0.845785469317084,0.831467885326141
"5",0.907233293377285,0.609541587586988,0.838231695135351,0.752205490626977,0.793778094096494,0.875835747344588,1.0310133852762,0.750730336213498,0.80244356208171,0.852004461758732,0.727153464522359,0.867740485465987,0.966749076016382,0.873713082276163,0.667248526620717,0.709054623247761,0.951278593547098,0.624480985083075,0.863834382179602,0.829410350697566,0.654637600722538,0.838990860053941,0.587063813138881,0.649553407917957,1.0100520677255,0.690137696450571,0.886207671561283,0.704060117204409,0.796408673375953,0.748142876169547,0.752099357373556,0.559255235907169,0.74660893225785,0.810640795125362,0.689713332001465,0.771031656844138,0.684025669680019,0.799542378383778,0.864211866946359,0.733899995421703,0.816701413861419,0.886207671561283,0.705910783554756,0.864211866946359,0.890652781939866,0.782794759098325,0.822177338261246,0.914269303765857,0.822177338261246,0.809596943362301,0.72421503013352,0.886207671561283,0.798700179802218,0.831467885326141,0.811179435953784,0.737037591982153,0.82544173700596,0.889170957779775,0.835161738754037,0.665338544267972,0.813338425648453,0.681578715496287,0.711623564079512,0.810261414527353,0.937722671727766,0.822177338261246,0.555848566576766,0.779102220890354,0.790778893217461,0.785759206539473,0.890652781939866,0.777365314820364,0.716795872456964,0.719594279625745,0.875711717111178,0.691363350314654,0.802312456298072,0.914269303765857,0.843132554190391,0.729153347983884,0.816701413861419,0.735457577498085,0.887248260247061,0.732799337395531,1.0310133852762,0.750095728032497,0.834591116438584,0.792165701062165,0.735457577498085,0.864211866946359,0.951278593547098,0.751870442513235,0.835161738754037,0.864211866946359,0.825134227349915,0.907935645789631,0.966749076016382,0.863834382179602,0.912457962907468,0.831467885326141
"6",0.907233293377285,0.609541587586988,0.838231695135351,0.787583241767389,0.793778094096494,0.875835747344588,1.0310133852762,0.750730336213498,0.80244356208171,0.852004461758732,0.741072528551926,0.867740485465987,0.966749076016382,0.873713082276163,0.667248526620717,0.810640795125362,0.951278593547098,0.633617603968967,0.863834382179602,0.829410350697566,0.654637600722538,0.838990860053941,0.685705307495089,0.649553407917957,1.0100520677255,0.699431660590018,0.886207671561283,0.735150917324277,0.796408673375953,0.756770885359438,0.833550386241801,0.599200879033064,0.74660893225785,0.810640795125362,0.689713332001465,0.771031656844138,0.799265041787367,0.799542378383778,0.864211866946359,0.733899995421703,0.822047595561549,0.886207671561283,0.705910783554756,0.864211866946359,0.890652781939866,0.782794759098325,0.822177338261246,0.914269303765857,0.822177338261246,0.878687610295342,0.72421503013352,0.886207671561283,0.798700179802218,0.831467885326141,0.811179435953784,0.755848150367929,0.828818272816568,0.889170957779775,0.890652781939866,0.665338544267972,0.813338425648453,0.731226394715813,0.711623564079512,0.810261414527353,0.97054073852096,0.822177338261246,0.555848566576766,0.779102220890354,0.80636175207272,0.848367420837079,0.890652781939866,0.777365314820364,0.725458541437752,0.824474744447774,0.875711717111178,0.781350114873639,0.802312456298072,0.914269303765857,0.843132554190391,0.729153347983884,0.838663713664968,0.834244830686245,0.887248260247061,0.748142876169547,1.0310133852762,0.750095728032497,0.834591116438584,0.792165701062165,0.782551693137549,0.864211866946359,0.951278593547098,0.751870442513235,0.835161738754037,0.864211866946359,0.825134227349915,0.907935645789631,0.966749076016382,0.863834382179602,0.912457962907468,0.831467885326141
"7",0.907233293377285,0.609541587586988,0.900456997302967,0.787583241767389,0.805437144141444,0.875835747344588,1.0310133852762,0.750730336213498,0.809450437851696,0.852004461758732,0.758520002996704,0.867740485465987,0.966749076016382,0.873713082276163,0.667248526620717,0.810640795125362,0.951278593547098,0.633617603968967,0.863834382179602,0.829410350697566,0.658996347767456,0.838990860053941,0.685705307495089,0.670988163020677,1.0100520677255,0.699431660590018,0.886207671561283,0.735150917324277,0.878999833516465,0.756770885359438,0.833550386241801,0.634578630173476,0.827197368311524,0.810640795125362,0.689713332001465,0.771031656844138,0.799265041787367,0.799542378383778,0.864211866946359,0.733899995421703,0.822047595561549,0.886207671561283,0.705910783554756,0.864211866946359,0.890652781939866,0.782794759098325,0.822177338261246,0.914269303765857,0.822177338261246,0.878687610295342,0.810640795125362,0.886207671561283,0.834681433756201,0.831467885326141,0.811179435953784,0.755848150367929,0.828818272816568,0.889170957779775,0.890652781939866,0.727676222821563,0.813338425648453,0.731226394715813,0.798763460193787,0.810261414527353,0.97054073852096,0.822177338261246,0.56583757866347,0.779102220890354,0.867463290380581,0.848367420837079,0.890652781939866,0.847577664568974,0.82410003579396,0.824474744447774,0.875711717111178,0.781350114873639,0.867740485465987,0.914269303765857,0.843132554190391,0.732799337395531,0.838663713664968,0.842839543169181,0.887248260247061,0.748142876169547,1.0310133852762,0.750095728032497,0.834591116438584,0.798700179802218,0.782551693137549,0.864211866946359,0.951278593547098,0.751870442513235,0.835161738754037,0.864211866946359,0.825134227349915,0.907935645789631,0.966749076016382,0.863834382179602,0.912457962907468,0.831467885326141
"8",0.907233293377285,0.609541587586988,0.900456997302967,0.787583241767389,0.873893092598142,0.875835747344588,1.0310133852762,0.750730336213498,0.809450437851696,0.852004461758732,0.829973695601505,0.867740485465987,0.996965837578663,0.903929843838444,0.667248526620717,0.810640795125362,0.951278593547098,0.633617603968967,0.863834382179602,0.829410350697566,0.658996347767456,0.838990860053941,0.685705307495089,0.678167765457996,1.0100520677255,0.699431660590018,0.886207671561283,0.735150917324277,0.878999833516465,0.825391236306729,0.833550386241801,0.731055838577565,0.827197368311524,0.810640795125362,0.689713332001465,0.771031656844138,0.799265041787367,0.799542378383778,0.864211866946359,0.742605617154463,0.829520625228915,0.886207671561283,0.705910783554756,0.864211866946359,0.890652781939866,0.782794759098325,0.822177338261246,0.949667865348117,0.822177338261246,0.878687610295342,0.810640795125362,0.886207671561283,0.849165501281923,0.831467885326141,0.811179435953784,0.824304098824626,0.828818272816568,0.889170957779775,0.890652781939866,0.727676222821563,0.813338425648453,0.731226394715813,0.798763460193787,0.810261414527353,0.97054073852096,0.822177338261246,0.576106491193021,0.779102220890354,0.867463290380581,0.848367420837079,0.890652781939866,0.847577664568974,0.82410003579396,0.824474744447774,0.875711717111178,0.781350114873639,0.867740485465987,0.914269303765857,0.843132554190391,0.732799337395531,0.839320262294809,0.842839543169181,0.887248260247061,0.756770885359438,1.0310133852762,0.750095728032497,0.834591116438584,0.876749741950521,0.782551693137549,0.864211866946359,0.951278593547098,0.751870442513235,0.835161738754037,0.864211866946359,0.825134227349915,0.951278593547098,0.966749076016382,0.863834382179602,0.912457962907468,0.831467885326141
"9",0.907233293377285,0.609541587586988,0.900456997302967,0.86129382679053,0.873893092598142,0.875835747344588,1.0310133852762,0.752793774764426,0.809450437851696,0.852004461758732,0.829973695601505,0.867740485465987,0.996965837578663,0.903929843838444,0.670234825025805,0.810640795125362,0.951278593547098,0.633617603968967,0.863834382179602,0.829410350697566,0.658996347767456,0.88715662770952,0.685705307495089,0.678167765457996,1.0310133852762,0.699431660590018,0.886207671561283,0.785231245629807,0.878999833516465,0.825391236306729,0.833550386241801,0.734593613691606,0.827197368311524,0.810640795125362,0.710241501015549,0.771031656844138,0.799265041787367,0.799542378383778,0.864211866946359,0.817221456397962,0.887248260247061,0.886207671561283,0.705910783554756,0.864211866946359,0.890652781939866,0.847577664568974,0.822177338261246,0.970894516032364,0.822177338261246,0.878687610295342,0.810640795125362,0.886207671561283,0.899131372157294,0.831467885326141,0.811179435953784,0.87590358938501,0.828818272816568,0.889170957779775,0.890652781939866,0.727676222821563,0.887248260247061,0.804763992941098,0.798763460193787,0.810261414527353,0.97054073852096,0.822177338261246,0.584322453634336,0.779102220890354,0.867463290380581,0.848367420837079,0.890652781939866,0.847577664568974,0.82410003579396,0.824474744447774,0.875711717111178,0.781350114873639,0.867740485465987,0.914269303765857,0.843132554190391,0.748142876169547,0.839320262294809,0.842839543169181,0.887248260247061,0.825391236306729,1.0310133852762,0.750095728032497,0.834591116438584,0.876749741950521,0.782551693137549,0.864211866946359,0.951278593547098,0.751870442513235,0.835161738754037,0.864211866946359,0.825134227349915,0.951278593547098,0.966749076016382,0.863834382179602,0.912457962907468,0.831467885326141
"10",0.907233293377285,0.61040938301202,0.900456997302967,0.86129382679053,0.873893092598142,0.875835747344588,1.0310133852762,0.752793774764426,0.809450437851696,0.852004461758732,0.829973695601505,0.867740485465987,0.996965837578663,0.903929843838444,0.670234825025805,0.810640795125362,0.951278593547098,0.633617603968967,0.863834382179602,0.829410350697566,0.69032750849066,0.915625312156628,0.685705307495089,0.678167765457996,1.0310133852762,0.699431660590018,0.886207671561283,0.787104185396064,0.878999833516465,0.825391236306729,0.833550386241801,0.734593613691606,0.827197368311524,0.810640795125362,0.710241501015549,0.843132554190391,0.799265041787367,0.799542378383778,0.864211866946359,0.823194053208138,0.887248260247061,0.886207671561283,0.715353459111644,0.864211866946359,0.890652781939866,0.847577664568974,0.822177338261246,0.970894516032364,0.822177338261246,0.878687610295342,0.810640795125362,0.886207671561283,0.903668048480005,0.831467885326141,0.811179435953784,0.914438284553658,0.828818272816568,0.889170957779775,0.890652781939866,0.79918506309726,0.887248260247061,0.804763992941098,0.798763460193787,0.810261414527353,0.97054073852096,0.822177338261246,0.591398003862418,0.779102220890354,0.867463290380581,0.848367420837079,0.890652781939866,0.847577664568974,0.82410003579396,0.824474744447774,0.875711717111178,0.781350114873639,0.867740485465987,0.914269303765857,0.843132554190391,0.748142876169547,0.845018182083042,0.842839543169181,0.887248260247061,0.825391236306729,1.0310133852762,0.750095728032497,0.834591116438584,0.876749741950521,0.782551693137549,0.864211866946359,0.951278593547098,0.751870442513235,0.890652781939866,0.864211866946359,0.825134227349915,0.951278593547098,0.966749076016382,0.863834382179602,0.912457962907468,0.831467885326141
"11",0.951278593547098,0.61935787300636,0.900456997302967,0.863166766556788,0.896446408950155,0.875835747344588,1.0310133852762,0.752793774764426,0.809450437851696,0.852004461758732,0.829973695601505,0.867740485465987,0.996965837578663,0.903929843838444,0.686465929144608,0.810640795125362,0.951278593547098,0.634054623247761,0.863834382179602,0.829410350697566,0.69032750849066,0.959681017547365,0.685705307495089,0.7895660606666,1.0310133852762,0.724914046632038,0.886207671561283,0.787104185396064,0.878999833516465,0.825391236306729,0.833550386241801,0.734593613691606,0.827197368311524,0.810640795125362,0.710241501015549,0.843132554190391,0.799265041787367,0.799542378383778,0.864211866946359,0.823194053208138,0.887248260247061,0.886207671561283,0.717750822012453,0.864211866946359,0.890652781939866,0.847577664568974,0.822177338261246,0.970894516032364,0.822177338261246,0.878687610295342,0.810640795125362,0.886207671561283,0.913948406752572,0.831467885326141,0.811179435953784,0.918125894848999,0.887248260247061,0.889170957779775,0.890652781939866,0.79918506309726,0.887248260247061,0.804763992941098,0.798763460193787,0.810261414527353,0.97054073852096,0.822177338261246,0.614385217926947,0.779102220890354,0.867463290380581,0.848367420837079,0.890652781939866,0.847577664568974,0.82410003579396,0.824474744447774,0.875711717111178,0.781350114873639,0.867740485465987,0.914269303765857,0.843132554190391,0.748142876169547,0.845018182083042,0.842839543169181,0.887248260247061,0.825391236306729,1.0310133852762,0.750095728032497,0.834591116438584,0.876749741950521,0.782551693137549,0.864211866946359,0.951278593547098,0.751870442513235,0.890652781939866,0.864211866946359,0.825134227349915,0.951278593547098,0.966749076016382,0.863834382179602,0.912457962907468,0.831467885326141
"12",0.951278593547098,0.620734483734559,0.900456997302967,0.863166766556788,0.896446408950155,0.875835747344588,1.0310133852762,0.752793774764426,0.809450437851696,0.852004461758732,0.829973695601505,0.867740485465987,0.996965837578663,0.903929843838444,0.686465929144608,0.810640795125362,0.951278593547098,0.634054623247761,0.863834382179602,0.829410350697566,0.74963671627876,0.978951486697966,0.685705307495089,0.7895660606666,1.0310133852762,0.804285071837645,0.886207671561283,0.787104185396064,0.878999833516465,0.825391236306729,0.833550386241801,0.755024264975194,0.827197368311524,0.810640795125362,0.725721348183665,0.843132554190391,0.799265041787367,0.799542378383778,0.864211866946359,0.823194053208138,0.887248260247061,0.886207671561283,0.800181533646322,0.864211866946359,0.890652781939866,0.847577664568974,0.822177338261246,0.970894516032364,0.822177338261246,0.878687610295342,0.810640795125362,0.886207671561283,0.922699197549362,0.831467885326141,0.811179435953784,0.924373189491559,0.887248260247061,0.889170957779775,0.890652781939866,0.79918506309726,0.887248260247061,0.804763992941098,0.798763460193787,0.810261414527353,0.97054073852096,0.822177338261246,0.703082442646422,0.779102220890354,0.867463290380581,0.848367420837079,0.890652781939866,0.847577664568974,0.82410003579396,0.824474744447774,0.875711717111178,0.781350114873639,0.867740485465987,0.914269303765857,0.843132554190391,0.825391236306729,0.845018182083042,0.842839543169181,0.887248260247061,0.825391236306729,1.0310133852762,0.750095728032497,0.834591116438584,0.876749741950521,0.782551693137549,0.864211866946359,0.951278593547098,0.751870442513235,0.890652781939866,0.864211866946359,0.825134227349915,0.951278593547098,0.996965837578663,0.863834382179602,0.912457962907468,0.831467885326141
"13",0.951278593547098,0.717079545832917,0.900456997302967,0.863166766556788,0.896446408950155,0.875835747344588,1.0310133852762,0.822177338261246,0.809450437851696,0.852004461758732,0.829973695601505,0.867740485465987,0.996965837578663,0.903929843838444,0.776861285918823,0.810640795125362,0.951278593547098,0.647633436553125,0.863834382179602,0.829410350697566,0.74963671627876,0.981032530882696,0.685705307495089,0.7895660606666,1.0310133852762,0.804285071837645,0.886207671561283,0.787104185396064,0.878999833516465,0.825391236306729,0.833550386241801,0.817377551360171,0.827197368311524,0.810640795125362,0.798763460193787,0.843132554190391,0.799265041787367,0.864211866946359,0.864211866946359,0.823194053208138,0.887248260247061,0.886207671561283,0.800181533646322,0.864211866946359,0.890652781939866,0.847577664568974,0.822177338261246,0.970894516032364,0.822177338261246,0.878687610295342,0.810640795125362,0.886207671561283,0.922699197549362,0.831467885326141,0.811179435953784,0.93057678220624,0.887248260247061,0.889170957779775,0.890652781939866,0.79918506309726,0.887248260247061,0.804763992941098,0.798763460193787,0.810261414527353,0.97054073852096,0.822177338261246,0.706703459527853,0.779102220890354,0.867463290380581,0.848367420837079,0.890652781939866,0.847577664568974,0.82410003579396,0.824474744447774,0.875711717111178,0.781350114873639,0.867740485465987,0.914269303765857,0.843132554190391,0.825391236306729,0.845018182083042,0.842839543169181,0.887248260247061,0.825391236306729,1.0310133852762,0.784183231778377,0.834591116438584,0.876749741950521,0.782551693137549,0.864211866946359,0.951278593547098,0.751870442513235,0.890652781939866,0.864211866946359,0.84082530050278,0.951278593547098,0.996965837578663,0.863834382179602,0.912457962907468,0.831467885326141
"14",0.951278593547098,0.720950288016515,0.900456997302967,0.863166766556788,0.896446408950155,0.875835747344588,1.0310133852762,0.822177338261246,0.809450437851696,0.852004461758732,0.829973695601505,0.867740485465987,0.996965837578663,0.903929843838444,0.828460776479206,0.810640795125362,0.951278593547098,0.647633436553125,0.863834382179602,0.829410350697566,0.74963671627876,0.9813863083941,0.685705307495089,0.7895660606666,1.0310133852762,0.804285071837645,0.886207671561283,0.787749309093331,0.878999833516465,0.825391236306729,0.833550386241801,0.817377551360171,0.827197368311524,0.810640795125362,0.798763460193787,0.843132554190391,0.799265041787367,0.864211866946359,0.864211866946359,0.823194053208138,0.887248260247061,0.886207671561283,0.800181533646322,0.864211866946359,0.890652781939866,0.847577664568974,0.822177338261246,0.970894516032364,0.822177338261246,0.878687610295342,0.810640795125362,0.886207671561283,0.922699197549362,0.831467885326141,0.811179435953784,0.93057678220624,0.887248260247061,0.889170957779775,0.890652781939866,0.79918506309726,0.887248260247061,0.804763992941098,0.798763460193787,0.810261414527353,0.97054073852096,0.822177338261246,0.706703459527853,0.779102220890354,0.867463290380581,0.848367420837079,0.890652781939866,0.847577664568974,0.82410003579396,0.824474744447774,0.875711717111178,0.781350114873639,0.867740485465987,0.955723703925682,0.843132554190391,0.825391236306729,0.845018182083042,0.842839543169181,0.887248260247061,0.825391236306729,1.0310133852762,0.784183231778377,0.834591116438584,0.876749741950521,0.782551693137549,0.864211866946359,0.951278593547098,0.751870442513235,0.890652781939866,0.864211866946359,0.842823102920121,0.951278593547098,0.996965837578663,0.863834382179602,0.912457962907468,0.831467885326141
"15",0.951278593547098,0.720950288016515,0.900456997302967,0.863166766556788,0.896446408950155,0.875835747344588,1.0310133852762,0.822177338261246,0.809450437851696,0.852004461758732,0.829973695601505,0.867740485465987,0.996965837578663,0.903929843838444,0.863838527619618,0.810640795125362,0.951278593547098,0.647633436553125,0.863834382179602,0.829410350697566,0.74963671627876,0.984528685113042,0.685705307495089,0.7895660606666,1.0310133852762,0.804285071837645,0.886207671561283,0.787749309093331,0.878999833516465,0.825391236306729,0.833550386241801,0.817377551360171,0.827197368311524,0.810640795125362,0.798763460193787,0.843132554190391,0.799265041787367,0.864211866946359,0.864211866946359,0.823194053208138,0.887248260247061,0.886207671561283,0.800181533646322,0.864211866946359,0.890652781939866,0.847577664568974,0.822177338261246,0.970894516032364,0.822177338261246,0.878687610295342,0.810640795125362,0.886207671561283,0.922699197549362,0.831467885326141,0.811179435953784,0.93057678220624,0.887248260247061,0.889170957779775,0.890652781939866,0.79918506309726,0.887248260247061,0.804763992941098,0.798763460193787,0.884019863566743,0.97054073852096,0.822177338261246,0.706703459527853,0.779102220890354,0.867463290380581,0.848367420837079,0.890652781939866,0.847577664568974,0.82410003579396,0.824474744447774,0.875711717111178,0.781350114873639,0.867740485465987,0.955723703925682,0.843132554190391,0.825391236306729,0.845018182083042,0.842839543169181,0.887248260247061,0.825391236306729,1.0310133852762,0.849028568574568,0.834591116438584,0.876749741950521,0.782551693137549,0.864211866946359,0.951278593547098,0.751870442513235,0.890652781939866,0.864211866946359,0.842823102920121,0.951278593547098,0.996965837578663,0.863834382179602,0.912457962907468,0.890652781939866
"16",0.951278593547098,0.720950288016515,0.900456997302967,0.863166766556788,0.896446408950155,0.875835747344588,1.0310133852762,0.822177338261246,0.809450437851696,0.852004461758732,0.829973695601505,0.867740485465987,0.996965837578663,0.903929843838444,0.863838527619618,0.810640795125362,0.951278593547098,0.647633436553125,0.863834382179602,0.845018182083042,0.74963671627876,0.984528685113042,0.685705307495089,0.7895660606666,1.0310133852762,0.804285071837645,0.886207671561283,0.855320813771518,0.878999833516465,0.825391236306729,0.833550386241801,0.817377551360171,0.827197368311524,0.810640795125362,0.798763460193787,0.843132554190391,0.799265041787367,0.864211866946359,0.864211866946359,0.823194053208138,0.887248260247061,0.886207671561283,0.800181533646322,0.864211866946359,0.890652781939866,0.847577664568974,0.822177338261246,0.970894516032364,0.822177338261246,0.878687610295342,0.810640795125362,0.886207671561283,0.922699197549362,0.831467885326141,0.811179435953784,0.93057678220624,0.887248260247061,0.889170957779775,0.890652781939866,0.79918506309726,0.887248260247061,0.804763992941098,0.798763460193787,0.884019863566743,0.97054073852096,0.822177338261246,0.706703459527853,0.779102220890354,0.867463290380581,0.848367420837079,0.890652781939866,0.847577664568974,0.82410003579396,0.824474744447774,0.875711717111178,0.781350114873639,0.867740485465987,0.955723703925682,0.843132554190391,0.825391236306729,0.845018182083042,0.842839543169181,0.887248260247061,0.825391236306729,1.0310133852762,0.885706972330436,0.834591116438584,0.876749741950521,0.782551693137549,0.864211866946359,0.951278593547098,0.751870442513235,0.890652781939866,0.864211866946359,0.842823102920121,0.951278593547098,0.996965837578663,0.863834382179602,0.912457962907468,0.890652781939866
"17",0.951278593547098,0.747790555389072,0.900456997302967,0.863166766556788,0.896446408950155,0.875835747344588,1.0310133852762,0.822177338261246,0.809450437851696,0.852004461758732,0.829973695601505,0.867740485465987,0.996965837578663,0.903929843838444,0.863838527619618,0.810640795125362,0.951278593547098,0.647633436553125,0.863834382179602,0.845018182083042,0.74963671627876,0.984528685113042,0.685705307495089,0.7895660606666,1.0310133852762,0.804285071837645,0.886207671561283,0.855320813771518,0.878999833516465,0.825391236306729,0.833550386241801,0.817377551360171,0.827197368311524,0.810640795125362,0.798763460193787,0.843132554190391,0.799265041787367,0.864211866946359,0.864211866946359,0.823194053208138,0.887248260247061,0.886207671561283,0.800181533646322,0.864211866946359,0.890652781939866,0.847577664568974,0.822177338261246,0.970894516032364,0.822177338261246,0.878687610295342,0.810640795125362,0.886207671561283,0.922699197549362,0.831467885326141,0.811179435953784,0.93057678220624,0.887248260247061,0.889170957779775,0.890652781939866,0.79918506309726,0.887248260247061,0.804763992941098,0.798763460193787,0.884019863566743,0.97054073852096,0.822177338261246,0.707244531015883,0.779102220890354,0.867463290380581,0.848367420837079,0.890652781939866,0.847577664568974,0.82410003579396,0.824474744447774,0.875711717111178,0.781350114873639,0.867740485465987,0.955723703925682,0.843132554190391,0.825391236306729,0.845018182083042,0.842839543169181,0.887248260247061,0.825391236306729,1.0310133852762,0.906101205340792,0.834591116438584,0.876749741950521,0.782551693137549,0.864211866946359,0.951278593547098,0.751870442513235,0.890652781939866,0.864211866946359,0.842823102920121,0.951278593547098,0.996965837578663,0.863834382179602,0.912457962907468,0.890652781939866
"18",0.951278593547098,0.747790555389072,0.900456997302967,0.863166766556788,0.896446408950155,0.875835747344588,1.0310133852762,0.822177338261246,0.809450437851696,0.852004461758732,0.829973695601505,0.867740485465987,0.996965837578663,0.903929843838444,0.863838527619618,0.810640795125362,0.951278593547098,0.689264725468651,0.863834382179602,0.845018182083042,0.74963671627876,0.984528685113042,0.685705307495089,0.7895660606666,1.0310133852762,0.804285071837645,0.886207671561283,0.855320813771518,0.878999833516465,0.825391236306729,0.833550386241801,0.817377551360171,0.827197368311524,0.810640795125362,0.798763460193787,0.843132554190391,0.799265041787367,0.864211866946359,0.864211866946359,0.823194053208138,0.887248260247061,0.886207671561283,0.800181533646322,0.864211866946359,0.890652781939866,0.847577664568974,0.822177338261246,0.970894516032364,0.822177338261246,0.878687610295342,0.810640795125362,0.886207671561283,0.922699197549362,0.831467885326141,0.811179435953784,0.93057678220624,0.887248260247061,0.889170957779775,0.890652781939866,0.79918506309726,0.887248260247061,0.804763992941098,0.798763460193787,0.884019863566743,0.97054073852096,0.822177338261246,0.728736514833683,0.779102220890354,0.867463290380581,0.848367420837079,0.890652781939866,0.847577664568974,0.82410003579396,0.824474744447774,0.875711717111178,0.781350114873639,0.867740485465987,0.955723703925682,0.843132554190391,0.825391236306729,0.845018182083042,0.842839543169181,0.887248260247061,0.825391236306729,1.0310133852762,0.908182249525522,0.834591116438584,0.876749741950521,0.782551693137549,0.864211866946359,0.951278593547098,0.751870442513235,0.890652781939866,0.864211866946359,0.886374155096061,0.951278593547098,0.996965837578663,0.863834382179602,0.912457962907468,0.890652781939866
"19",0.951278593547098,0.747790555389072,0.900456997302967,0.863166766556788,0.896446408950155,0.875835747344588,1.0310133852762,0.822177338261246,0.812596976659008,0.852004461758732,0.829973695601505,0.867740485465987,0.996965837578663,0.903929843838444,0.863838527619618,0.810640795125362,0.951278593547098,0.696132171278261,0.863834382179602,0.846474913012353,0.74963671627876,0.984528685113042,0.685705307495089,0.7895660606666,1.0310133852762,0.804285071837645,0.886207671561283,0.855320813771518,0.878999833516465,0.825391236306729,0.833550386241801,0.817377551360171,0.827197368311524,0.810640795125362,0.798763460193787,0.843132554190391,0.799265041787367,0.864211866946359,0.864211866946359,0.823194053208138,0.887248260247061,0.886207671561283,0.800181533646322,0.864211866946359,0.890652781939866,0.847577664568974,0.822177338261246,0.970894516032364,0.822177338261246,0.878687610295342,0.810640795125362,0.886207671561283,0.922699197549362,0.831467885326141,0.811179435953784,0.93057678220624,0.887248260247061,0.889170957779775,0.890652781939866,0.79918506309726,0.887248260247061,0.804763992941098,0.798763460193787,0.884019863566743,0.97054073852096,0.822177338261246,0.793670296007725,0.779102220890354,0.867463290380581,0.848367420837079,0.890652781939866,0.847577664568974,0.82410003579396,0.824474744447774,0.875711717111178,0.781350114873639,0.867740485465987,0.955723703925682,0.843132554190391,0.825391236306729,0.845018182083042,0.842839543169181,0.887248260247061,0.825391236306729,1.0310133852762,0.90888980454833,0.834591116438584,0.876749741950521,0.782551693137549,0.864211866946359,0.951278593547098,0.751870442513235,0.890652781939866,0.864211866946359,0.886374155096061,0.951278593547098,0.996965837578663,0.863834382179602,0.912457962907468,0.890652781939866
"20",0.951278593547098,0.747790555389072,0.900456997302967,0.863166766556788,0.896446408950155,0.875835747344588,1.0310133852762,0.822177338261246,0.812596976659008,0.852004461758732,0.829973695601505,0.867740485465987,0.996965837578663,0.903929843838444,0.863838527619618,0.810640795125362,0.951278593547098,0.696132171278261,0.863834382179602,0.846474913012353,0.74963671627876,0.984528685113042,0.685705307495089,0.7895660606666,1.0310133852762,0.804285071837645,0.886207671561283,0.855320813771518,0.878999833516465,0.825391236306729,0.833550386241801,0.817377551360171,0.827197368311524,0.810640795125362,0.798763460193787,0.843132554190391,0.799265041787367,0.864211866946359,0.864211866946359,0.823194053208138,0.887248260247061,0.886207671561283,0.800181533646322,0.864211866946359,0.890652781939866,0.847577664568974,0.822177338261246,0.970894516032364,0.822177338261246,0.878687610295342,0.810640795125362,0.886207671561283,0.922699197549362,0.831467885326141,0.811179435953784,0.93057678220624,0.887248260247061,0.889170957779775,0.890652781939866,0.79918506309726,0.887248260247061,0.804763992941098,0.798763460193787,0.884019863566743,0.97054073852096,0.822177338261246,0.793670296007725,0.779102220890354,0.867463290380581,0.848367420837079,0.890652781939866,0.847577664568974,0.82410003579396,0.824474744447774,0.875711717111178,0.781350114873639,0.867740485465987,0.955723703925682,0.843132554190391,0.825391236306729,0.845018182083042,0.842839543169181,0.887248260247061,0.825391236306729,1.0310133852762,0.914154846335697,0.834591116438584,0.876749741950521,0.782551693137549,0.864211866946359,0.951278593547098,0.751870442513235,0.890652781939866,0.864211866946359,0.886374155096061,0.951278593547098,0.996965837578663,0.863834382179602,0.912457962907468,0.890652781939866
"21",0.951278593547098,0.747790555389072,0.900456997302967,0.863166766556788,0.896446408950155,0.875835747344588,1.0310133852762,0.822177338261246,0.812596976659008,0.852004461758732,0.829973695601505,0.867740485465987,0.996965837578663,0.903929843838444,0.863838527619618,0.810640795125362,0.951278593547098,0.696132171278261,0.863834382179602,0.846474913012353,0.74963671627876,0.984528685113042,0.685705307495089,0.7895660606666,1.0310133852762,0.804285071837645,0.886207671561283,0.855320813771518,0.878999833516465,0.825391236306729,0.833550386241801,0.817377551360171,0.827197368311524,0.810640795125362,0.798763460193787,0.843132554190391,0.799265041787367,0.864211866946359,0.864211866946359,0.823194053208138,0.887248260247061,0.886207671561283,0.800181533646322,0.864211866946359,0.890652781939866,0.847577664568974,0.822177338261246,0.970894516032364,0.822177338261246,0.878687610295342,0.810640795125362,0.886207671561283,0.922699197549362,0.831467885326141,0.811179435953784,0.93057678220624,0.887248260247061,0.889170957779775,0.890652781939866,0.79918506309726,0.887248260247061,0.804763992941098,0.798763460193787,0.884019863566743,0.97054073852096,0.822177338261246,0.793670296007725,0.779102220890354,0.867463290380581,0.848367420837079,0.890652781939866,0.847577664568974,0.82410003579396,0.824474744447774,0.875711717111178,0.781350114873639,0.867740485465987,0.955723703925682,0.843132554190391,0.825391236306729,0.845018182083042,0.842839543169181,0.887248260247061,0.825391236306729,1.0310133852762,0.914154846335697,0.834591116438584,0.876749741950521,0.782551693137549,0.864211866946359,0.951278593547098,0.751870442513235,0.890652781939866,0.864211866946359,0.886374155096061,0.951278593547098,0.996965837578663,0.863834382179602,0.912457962907468,0.890652781939866
"22",0.951278593547098,0.747790555389072,0.900456997302967,0.863166766556788,0.896446408950155,0.875835747344588,1.0310133852762,0.822177338261246,0.812596976659008,0.852004461758732,0.829973695601505,0.867740485465987,0.996965837578663,0.903929843838444,0.863838527619618,0.810640795125362,0.951278593547098,0.697692954416808,0.863834382179602,0.892268290297339,0.74963671627876,0.984528685113042,0.685705307495089,0.7895660606666,1.0310133852762,0.804285071837645,0.886207671561283,0.855320813771518,0.878999833516465,0.825391236306729,0.833550386241801,0.817377551360171,0.827197368311524,0.810640795125362,0.798763460193787,0.843132554190391,0.799265041787367,0.864211866946359,0.864211866946359,0.823194053208138,0.887248260247061,0.886207671561283,0.800181533646322,0.864211866946359,0.890652781939866,0.847577664568974,0.822177338261246,0.970894516032364,0.822177338261246,0.878687610295342,0.810640795125362,0.886207671561283,0.922699197549362,0.831467885326141,0.811179435953784,0.93057678220624,0.887248260247061,0.889170957779775,0.890652781939866,0.79918506309726,0.887248260247061,0.804763992941098,0.798763460193787,0.884019863566743,0.97054073852096,0.822177338261246,0.793670296007725,0.779102220890354,0.867463290380581,0.848367420837079,0.890652781939866,0.847577664568974,0.82410003579396,0.824474744447774,0.875711717111178,0.781350114873639,0.867740485465987,0.955723703925682,0.843132554190391,0.825391236306729,0.845018182083042,0.842839543169181,0.887248260247061,0.825391236306729,1.0310133852762,0.914154846335697,0.834591116438584,0.876749741950521,0.782551693137549,0.864211866946359,0.951278593547098,0.751870442513235,0.890652781939866,0.864211866946359,0.886374155096061,0.951278593547098,0.996965837578663,0.863834382179602,0.912457962907468,0.890652781939866
"23",0.951278593547098,0.753112825891519,0.900456997302967,0.863166766556788,0.896446408950155,0.875835747344588,1.0310133852762,0.822177338261246,0.812596976659008,0.852004461758732,0.829973695601505,0.867740485465987,0.996965837578663,0.903929843838444,0.863838527619618,0.810640795125362,0.951278593547098,0.697692954416808,0.863834382179602,0.892268290297339,0.74963671627876,0.984528685113042,0.685705307495089,0.7895660606666,1.0310133852762,0.804285071837645,0.886207671561283,0.855320813771518,0.878999833516465,0.825391236306729,0.833550386241801,0.817377551360171,0.827197368311524,0.810640795125362,0.798763460193787,0.843132554190391,0.799265041787367,0.864211866946359,0.864211866946359,0.823194053208138,0.887248260247061,0.886207671561283,0.800181533646322,0.864211866946359,0.890652781939866,0.847577664568974,0.822177338261246,0.970894516032364,0.822177338261246,0.878687610295342,0.810640795125362,0.886207671561283,0.922699197549362,0.831467885326141,0.811179435953784,0.93057678220624,0.887248260247061,0.889170957779775,0.890652781939866,0.79918506309726,0.887248260247061,0.804763992941098,0.798763460193787,0.884019863566743,0.97054073852096,0.822177338261246,0.793670296007725,0.779102220890354,0.867463290380581,0.848367420837079,0.890652781939866,0.847577664568974,0.82410003579396,0.824474744447774,0.875711717111178,0.781350114873639,0.867740485465987,0.955723703925682,0.843132554190391,0.825391236306729,0.845018182083042,0.842839543169181,0.887248260247061,0.825391236306729,1.0310133852762,0.914154846335697,0.834591116438584,0.876749741950521,0.782551693137549,0.864211866946359,0.951278593547098,0.751870442513235,0.890652781939866,0.864211866946359,0.886374155096061,0.951278593547098,0.996965837578663,0.863834382179602,0.912457962907468,0.890652781939866
"24",0.951278593547098,0.753112825891519,0.900456997302967,0.863166766556788,0.896446408950155,0.875835747344588,1.0310133852762,0.822177338261246,0.818109662704358,0.852004461758732,0.829973695601505,0.867740485465987,0.996965837578663,0.903929843838444,0.863838527619618,0.810640795125362,0.951278593547098,0.697692954416808,0.863834382179602,0.892268290297339,0.74963671627876,0.984528685113042,0.685705307495089,0.7895660606666,1.0310133852762,0.804285071837645,0.886207671561283,0.855320813771518,0.878999833516465,0.825391236306729,0.833550386241801,0.817377551360171,0.827197368311524,0.810640795125362,0.798763460193787,0.843132554190391,0.799265041787367,0.864211866946359,0.864211866946359,0.823194053208138,0.887248260247061,0.886207671561283,0.800181533646322,0.864211866946359,0.890652781939866,0.847577664568974,0.822177338261246,0.970894516032364,0.822177338261246,0.878687610295342,0.810640795125362,0.886207671561283,0.922699197549362,0.831467885326141,0.811179435953784,0.93057678220624,0.887248260247061,0.889170957779775,0.890652781939866,0.79918506309726,0.887248260247061,0.804763992941098,0.798763460193787,0.884019863566743,0.97054073852096,0.822177338261246,0.793670296007725,0.779102220890354,0.867463290380581,0.848367420837079,0.890652781939866,0.847577664568974,0.82410003579396,0.824474744447774,0.875711717111178,0.781350114873639,0.867740485465987,0.955723703925682,0.843132554190391,0.825391236306729,0.845018182083042,0.842839543169181,0.887248260247061,0.825391236306729,1.0310133852762,0.914154846335697,0.834591116438584,0.876749741950521,0.799533013684947,0.864211866946359,0.951278593547098,0.751870442513235,0.890652781939866,0.864211866946359,0.886374155096061,0.951278593547098,0.996965837578663,0.863834382179602,0.912457962907468,0.890652781939866
"25",0.951278593547098,0.779927080211767,0.900456997302967,0.863166766556788,0.896446408950155,0.875835747344588,1.0310133852762,0.822177338261246,0.818902540538741,0.852004461758732,0.829973695601505,0.867740485465987,0.996965837578663,0.903929843838444,0.863838527619618,0.810640795125362,0.951278593547098,0.716047764126128,0.863834382179602,0.892268290297339,0.74963671627876,0.984528685113042,0.685705307495089,0.7895660606666,1.0310133852762,0.804285071837645,0.886207671561283,0.855320813771518,0.878999833516465,0.825391236306729,0.833550386241801,0.817377551360171,0.827197368311524,0.810640795125362,0.798763460193787,0.843132554190391,0.799265041787367,0.864211866946359,0.864211866946359,0.823194053208138,0.887248260247061,0.886207671561283,0.800181533646322,0.864211866946359,0.890652781939866,0.847577664568974,0.822177338261246,0.970894516032364,0.822177338261246,0.878687610295342,0.810640795125362,0.886207671561283,0.922699197549362,0.831467885326141,0.811179435953784,0.93057678220624,0.887248260247061,0.889170957779775,0.890652781939866,0.79918506309726,0.887248260247061,0.804763992941098,0.798763460193787,0.884019863566743,0.97054073852096,0.822177338261246,0.793670296007725,0.779102220890354,0.867463290380581,0.848367420837079,0.890652781939866,0.847577664568974,0.82410003579396,0.824474744447774,0.875711717111178,0.781350114873639,0.867740485465987,0.955723703925682,0.843132554190391,0.825391236306729,0.846474913012353,0.842839543169181,0.887248260247061,0.825391236306729,1.0310133852762,0.914154846335697,0.834591116438584,0.876749741950521,0.799533013684947,0.864211866946359,0.951278593547098,0.751870442513235,0.890652781939866,0.864211866946359,0.886374155096061,0.951278593547098,0.996965837578663,0.863834382179602,0.912457962907468,0.890652781939866
"26",0.951278593547098,0.800081993140878,0.900456997302967,0.863166766556788,0.896446408950155,0.875835747344588,1.0310133852762,0.822177338261246,0.818902540538741,0.852004461758732,0.829973695601505,0.867740485465987,0.996965837578663,0.903929843838444,0.863838527619618,0.810640795125362,0.951278593547098,0.716047764126128,0.863834382179602,0.892268290297339,0.74963671627876,0.984528685113042,0.685705307495089,0.7895660606666,1.0310133852762,0.804285071837645,0.886207671561283,0.855320813771518,0.878999833516465,0.825391236306729,0.833550386241801,0.817377551360171,0.827197368311524,0.810640795125362,0.798763460193787,0.843132554190391,0.799265041787367,0.864211866946359,0.864211866946359,0.823194053208138,0.887248260247061,0.886207671561283,0.800181533646322,0.864211866946359,0.890652781939866,0.847577664568974,0.822177338261246,0.970894516032364,0.822177338261246,0.878687610295342,0.810640795125362,0.886207671561283,0.922699197549362,0.831467885326141,0.811179435953784,0.93057678220624,0.887248260247061,0.889170957779775,0.890652781939866,0.79918506309726,0.887248260247061,0.804763992941098,0.798763460193787,0.884019863566743,0.97054073852096,0.822177338261246,0.793670296007725,0.779102220890354,0.867463290380581,0.848367420837079,0.890652781939866,0.847577664568974,0.82410003579396,0.824474744447774,0.875711717111178,0.781350114873639,0.867740485465987,0.955723703925682,0.843132554190391,0.825391236306729,0.846474913012353,0.842839543169181,0.887248260247061,0.825391236306729,1.0310133852762,0.914154846335697,0.834591116438584,0.876749741950521,0.799533013684947,0.864211866946359,0.951278593547098,0.751870442513235,0.890652781939866,0.864211866946359,0.886374155096061,0.951278593547098,0.996965837578663,0.863834382179602,0.912457962907468,0.890652781939866
"27",0.951278593547098,0.847956414610595,0.900456997302967,0.863166766556788,0.896446408950155,0.875835747344588,1.0310133852762,0.822177338261246,0.818902540538741,0.852004461758732,0.829973695601505,0.867740485465987,0.996965837578663,0.903929843838444,0.863838527619618,0.810640795125362,0.951278593547098,0.716047764126128,0.863834382179602,0.892268290297339,0.74963671627876,0.984528685113042,0.685705307495089,0.7895660606666,1.0310133852762,0.804285071837645,0.886207671561283,0.855320813771518,0.878999833516465,0.825391236306729,0.833550386241801,0.817377551360171,0.827197368311524,0.810640795125362,0.798763460193787,0.843132554190391,0.799265041787367,0.864211866946359,0.864211866946359,0.823194053208138,0.887248260247061,0.886207671561283,0.800181533646322,0.864211866946359,0.890652781939866,0.847577664568974,0.822177338261246,0.970894516032364,0.822177338261246,0.878687610295342,0.810640795125362,0.886207671561283,0.922699197549362,0.831467885326141,0.811179435953784,0.93057678220624,0.887248260247061,0.889170957779775,0.890652781939866,0.79918506309726,0.887248260247061,0.804763992941098,0.798763460193787,0.884019863566743,0.97054073852096,0.822177338261246,0.793670296007725,0.779102220890354,0.867463290380581,0.848367420837079,0.890652781939866,0.847577664568974,0.82410003579396,0.824474744447774,0.875711717111178,0.781350114873639,0.867740485465987,0.955723703925682,0.843132554190391,0.825391236306729,0.846474913012353,0.842839543169181,0.887248260247061,0.825391236306729,1.0310133852762,0.914154846335697,0.834591116438584,0.876749741950521,0.799533013684947,0.864211866946359,0.951278593547098,0.751870442513235,0.890652781939866,0.864211866946359,0.886374155096061,0.951278593547098,0.996965837578663,0.863834382179602,0.912457962907468,0.890652781939866
"28",0.951278593547098,0.852493090933307,0.900456997302967,0.863166766556788,0.896446408950155,0.875835747344588,1.0310133852762,0.822177338261246,0.819529975360437,0.852004461758732,0.829973695601505,0.867740485465987,0.996965837578663,0.903929843838444,0.863838527619618,0.810640795125362,0.951278593547098,0.716047764126128,0.863834382179602,0.892268290297339,0.74963671627876,0.984528685113042,0.685705307495089,0.7895660606666,1.0310133852762,0.804285071837645,0.886207671561283,0.855320813771518,0.878999833516465,0.825391236306729,0.833550386241801,0.817377551360171,0.827197368311524,0.810640795125362,0.798763460193787,0.843132554190391,0.799265041787367,0.864211866946359,0.864211866946359,0.823194053208138,0.887248260247061,0.886207671561283,0.800181533646322,0.864211866946359,0.890652781939866,0.847577664568974,0.822177338261246,0.970894516032364,0.822177338261246,0.878687610295342,0.810640795125362,0.886207671561283,0.922699197549362,0.831467885326141,0.811179435953784,0.93057678220624,0.887248260247061,0.889170957779775,0.890652781939866,0.79918506309726,0.887248260247061,0.804763992941098,0.798763460193787,0.884019863566743,0.97054073852096,0.822177338261246,0.793670296007725,0.779102220890354,0.867463290380581,0.848367420837079,0.890652781939866,0.847577664568974,0.82410003579396,0.824474744447774,0.875711717111178,0.781350114873639,0.867740485465987,0.955723703925682,0.843132554190391,0.825391236306729,0.852561967252689,0.842839543169181,0.887248260247061,0.825391236306729,1.0310133852762,0.914154846335697,0.834591116438584,0.876749741950521,0.799533013684947,0.864211866946359,0.951278593547098,0.751870442513235,0.890652781939866,0.864211866946359,0.886374155096061,0.951278593547098,0.996965837578663,0.863834382179602,0.912457962907468,0.890652781939866
"29",0.951278593547098,0.862773449205874,0.900456997302967,0.889460759830853,0.896446408950155,0.875835747344588,1.0310133852762,0.822177338261246,0.819529975360437,0.852004461758732,0.829973695601505,0.867740485465987,0.996965837578663,0.903929843838444,0.863838527619618,0.810640795125362,0.951278593547098,0.716047764126128,0.863834382179602,0.892268290297339,0.74963671627876,0.984528685113042,0.685705307495089,0.7895660606666,1.0310133852762,0.804285071837645,0.886207671561283,0.855320813771518,0.878999833516465,0.825391236306729,0.833550386241801,0.817377551360171,0.827197368311524,0.810640795125362,0.798763460193787,0.843132554190391,0.799265041787367,0.864211866946359,0.864211866946359,0.823194053208138,0.887248260247061,0.886207671561283,0.800181533646322,0.864211866946359,0.890652781939866,0.847577664568974,0.822177338261246,0.970894516032364,0.822177338261246,0.878687610295342,0.810640795125362,0.886207671561283,0.922699197549362,0.831467885326141,0.811179435953784,0.93057678220624,0.887248260247061,0.889170957779775,0.890652781939866,0.79918506309726,0.887248260247061,0.804763992941098,0.798763460193787,0.884019863566743,0.97054073852096,0.822177338261246,0.793670296007725,0.779102220890354,0.867463290380581,0.848367420837079,0.890652781939866,0.847577664568974,0.82410003579396,0.824474744447774,0.875711717111178,0.781350114873639,0.867740485465987,0.955723703925682,0.843132554190391,0.825391236306729,0.852561967252689,0.842839543169181,0.887248260247061,0.825391236306729,1.0310133852762,0.914154846335697,0.834591116438584,0.876749741950521,0.799533013684947,0.864211866946359,0.951278593547098,0.751870442513235,0.890652781939866,0.864211866946359,0.886374155096061,0.951278593547098,0.996965837578663,0.863834382179602,0.912457962907468,0.890652781939866
"30",0.951278593547098,0.871524240002664,0.900456997302967,0.9106874105151,0.896446408950155,0.875835747344588,1.0310133852762,0.822177338261246,0.819529975360437,0.852004461758732,0.829973695601505,0.867740485465987,0.996965837578663,0.903929843838444,0.863838527619618,0.810640795125362,0.951278593547098,0.716047764126128,0.863834382179602,0.892268290297339,0.74963671627876,0.984528685113042,0.685705307495089,0.7895660606666,1.0310133852762,0.804285071837645,0.886207671561283,0.855320813771518,0.878999833516465,0.825391236306729,0.833550386241801,0.817377551360171,0.827197368311524,0.810640795125362,0.798763460193787,0.843132554190391,0.799265041787367,0.864211866946359,0.864211866946359,0.823194053208138,0.887248260247061,0.886207671561283,0.800181533646322,0.864211866946359,0.890652781939866,0.847577664568974,0.822177338261246,0.970894516032364,0.822177338261246,0.878687610295342,0.810640795125362,0.886207671561283,0.922699197549362,0.897894815702727,0.811179435953784,0.93057678220624,0.887248260247061,0.889170957779775,0.890652781939866,0.79918506309726,0.887248260247061,0.804763992941098,0.798763460193787,0.884019863566743,0.97054073852096,0.822177338261246,0.793670296007725,0.779102220890354,0.867463290380581,0.848367420837079,0.890652781939866,0.847577664568974,0.82410003579396,0.824474744447774,0.875711717111178,0.781350114873639,0.867740485465987,0.955723703925682,0.843132554190391,0.825391236306729,0.852561967252689,0.842839543169181,0.887248260247061,0.825391236306729,1.0310133852762,0.914154846335697,0.834591116438584,0.876749741950521,0.800781640195785,0.864211866946359,0.951278593547098,0.751870442513235,0.890652781939866,0.864211866946359,0.886374155096061,0.951278593547098,0.996965837578663,0.863834382179602,0.912457962907468,0.890652781939866
"31",0.951278593547098,0.871524240002664,0.900456997302967,0.9106874105151,0.896446408950155,0.875835747344588,1.0310133852762,0.822177338261246,0.819529975360437,0.852004461758732,0.829973695601505,0.867740485465987,0.996965837578663,0.903929843838444,0.863838527619618,0.810640795125362,0.951278593547098,0.716047764126128,0.863834382179602,0.892268290297339,0.74963671627876,0.984528685113042,0.685705307495089,0.7895660606666,1.0310133852762,0.804285071837645,0.886207671561283,0.855320813771518,0.878999833516465,0.825391236306729,0.833550386241801,0.817377551360171,0.827197368311524,0.810640795125362,0.798763460193787,0.843132554190391,0.799265041787367,0.864211866946359,0.864211866946359,0.823194053208138,0.887248260247061,0.886207671561283,0.800181533646322,0.864211866946359,0.890652781939866,0.847577664568974,0.822177338261246,0.970894516032364,0.822177338261246,0.878687610295342,0.810640795125362,0.886207671561283,0.922699197549362,0.941950521093464,0.811179435953784,0.93057678220624,0.887248260247061,0.889170957779775,0.890652781939866,0.79918506309726,0.887248260247061,0.804763992941098,0.798763460193787,0.884019863566743,0.97054073852096,0.822177338261246,0.793670296007725,0.779102220890354,0.867463290380581,0.848367420837079,0.890652781939866,0.847577664568974,0.82410003579396,0.824474744447774,0.875711717111178,0.781350114873639,0.867740485465987,0.955723703925682,0.843132554190391,0.825391236306729,0.852561967252689,0.842839543169181,0.887248260247061,0.825391236306729,1.0310133852762,0.914154846335697,0.834591116438584,0.876749741950521,0.800781640195785,0.864211866946359,0.951278593547098,0.751870442513235,0.890652781939866,0.864211866946359,0.886374155096061,0.951278593547098,0.996965837578663,0.863834382179602,0.912457962907468,0.890652781939866
"32",0.951278593547098,0.871524240002664,0.900456997302967,0.9106874105151,0.896446408950155,0.875835747344588,1.0310133852762,0.822177338261246,0.847504411813672,0.852004461758732,0.829973695601505,0.867740485465987,0.996965837578663,0.903929843838444,0.863838527619618,0.810640795125362,0.951278593547098,0.716047764126128,0.863834382179602,0.892268290297339,0.74963671627876,0.984528685113042,0.685705307495089,0.7895660606666,1.0310133852762,0.804285071837645,0.886207671561283,0.855320813771518,0.878999833516465,0.825391236306729,0.833550386241801,0.817377551360171,0.827197368311524,0.810640795125362,0.798763460193787,0.843132554190391,0.799265041787367,0.864211866946359,0.864211866946359,0.823194053208138,0.887248260247061,0.886207671561283,0.800181533646322,0.864211866946359,0.890652781939866,0.847577664568974,0.822177338261246,0.970894516032364,0.822177338261246,0.878687610295342,0.810640795125362,0.886207671561283,0.922699197549362,0.973707255352446,0.811179435953784,0.93057678220624,0.887248260247061,0.889170957779775,0.890652781939866,0.79918506309726,0.887248260247061,0.804763992941098,0.798763460193787,0.884019863566743,0.97054073852096,0.822177338261246,0.793670296007725,0.779102220890354,0.867463290380581,0.848367420837079,0.890652781939866,0.847577664568974,0.82410003579396,0.824474744447774,0.875711717111178,0.781350114873639,0.867740485465987,0.955723703925682,0.843132554190391,0.825391236306729,0.852561967252689,0.842839543169181,0.887248260247061,0.825391236306729,1.0310133852762,0.914154846335697,0.834591116438584,0.876749741950521,0.800781640195785,0.864211866946359,0.951278593547098,0.751870442513235,0.890652781939866,0.864211866946359,0.886374155096061,0.951278593547098,0.996965837578663,0.863834382179602,0.912457962907468,0.890652781939866
"33",0.951278593547098,0.871524240002664,0.900456997302967,0.9106874105151,0.896446408950155,0.875835747344588,1.0310133852762,0.822177338261246,0.847504411813672,0.852004461758732,0.829973695601505,0.867740485465987,0.996965837578663,0.903929843838444,0.863838527619618,0.810640795125362,0.951278593547098,0.716047764126128,0.863834382179602,0.892268290297339,0.74963671627876,0.984528685113042,0.685705307495089,0.7895660606666,1.0310133852762,0.804285071837645,0.886207671561283,0.855320813771518,0.878999833516465,0.825391236306729,0.833550386241801,0.817377551360171,0.827197368311524,0.810640795125362,0.798763460193787,0.843132554190391,0.799265041787367,0.864211866946359,0.864211866946359,0.823194053208138,0.887248260247061,0.886207671561283,0.800181533646322,0.864211866946359,0.890652781939866,0.847577664568974,0.822177338261246,0.970894516032364,0.822177338261246,0.878687610295342,0.810640795125362,0.886207671561283,0.922699197549362,0.976787200745846,0.811179435953784,0.93057678220624,0.887248260247061,0.889170957779775,0.890652781939866,0.79918506309726,0.887248260247061,0.804763992941098,0.798763460193787,0.884019863566743,0.97054073852096,0.822177338261246,0.793670296007725,0.779102220890354,0.867463290380581,0.848367420837079,0.890652781939866,0.847577664568974,0.82410003579396,0.824474744447774,0.875711717111178,0.781350114873639,0.867740485465987,0.955723703925682,0.843132554190391,0.825391236306729,0.852561967252689,0.842839543169181,0.887248260247061,0.825391236306729,1.0310133852762,0.914154846335697,0.834591116438584,0.876749741950521,0.800781640195785,0.864211866946359,0.951278593547098,0.751870442513235,0.890652781939866,0.864211866946359,0.886374155096061,0.951278593547098,0.996965837578663,0.863834382179602,0.912457962907468,0.890652781939866
"34",0.951278593547098,0.871524240002664,0.900456997302967,0.9106874105151,0.896446408950155,0.875835747344588,1.0310133852762,0.822177338261246,0.890706889088669,0.852004461758732,0.829973695601505,0.867740485465987,0.996965837578663,0.903929843838444,0.863838527619618,0.810640795125362,0.951278593547098,0.716047764126128,0.863834382179602,0.892268290297339,0.74963671627876,0.984528685113042,0.685705307495089,0.7895660606666,1.0310133852762,0.804285071837645,0.886207671561283,0.855320813771518,0.878999833516465,0.825391236306729,0.833550386241801,0.817377551360171,0.827197368311524,0.810640795125362,0.798763460193787,0.843132554190391,0.799265041787367,0.864211866946359,0.864211866946359,0.823194053208138,0.887248260247061,0.886207671561283,0.800181533646322,0.864211866946359,0.890652781939866,0.847577664568974,0.822177338261246,0.970894516032364,0.822177338261246,0.878687610295342,0.810640795125362,0.886207671561283,0.922699197549362,0.980148087104185,0.811179435953784,0.93057678220624,0.887248260247061,0.889170957779775,0.890652781939866,0.79918506309726,0.887248260247061,0.804763992941098,0.798763460193787,0.884019863566743,0.97054073852096,0.822177338261246,0.793670296007725,0.779102220890354,0.867463290380581,0.848367420837079,0.890652781939866,0.847577664568974,0.82410003579396,0.824474744447774,0.875711717111178,0.781350114873639,0.867740485465987,0.955723703925682,0.843132554190391,0.825391236306729,0.852561967252689,0.842839543169181,0.887248260247061,0.825391236306729,1.0310133852762,0.914154846335697,0.834591116438584,0.876749741950521,0.800781640195785,0.864211866946359,0.951278593547098,0.751870442513235,0.890652781939866,0.864211866946359,0.886374155096061,0.951278593547098,0.996965837578663,0.863834382179602,0.912457962907468,0.890652781939866
"35",0.951278593547098,0.871524240002664,0.900456997302967,0.9106874105151,0.896446408950155,0.875835747344588,1.0310133852762,0.822177338261246,0.890706889088669,0.852004461758732,0.829973695601505,0.867740485465987,0.996965837578663,0.903929843838444,0.863838527619618,0.810640795125362,0.951278593547098,0.716047764126128,0.863834382179602,0.892268290297339,0.74963671627876,0.984528685113042,0.685705307495089,0.7895660606666,1.0310133852762,0.804285071837645,0.886207671561283,0.855320813771518,0.878999833516465,0.825391236306729,0.833550386241801,0.817377551360171,0.827197368311524,0.810640795125362,0.798763460193787,0.843132554190391,0.799265041787367,0.864211866946359,0.864211866946359,0.823194053208138,0.887248260247061,0.886207671561283,0.800181533646322,0.864211866946359,0.890652781939866,0.847577664568974,0.822177338261246,0.970894516032364,0.822177338261246,0.878687610295342,0.810640795125362,0.886207671561283,0.922699197549362,0.984528685113042,0.811179435953784,0.93057678220624,0.887248260247061,0.889170957779775,0.890652781939866,0.79918506309726,0.887248260247061,0.804763992941098,0.798763460193787,0.884019863566743,0.97054073852096,0.822177338261246,0.793670296007725,0.779102220890354,0.867463290380581,0.848367420837079,0.890652781939866,0.847577664568974,0.82410003579396,0.824474744447774,0.875711717111178,0.781350114873639,0.867740485465987,0.955723703925682,0.843132554190391,0.825391236306729,0.852561967252689,0.842839543169181,0.887248260247061,0.825391236306729,1.0310133852762,0.914154846335697,0.834591116438584,0.876749741950521,0.838417324276629,0.864211866946359,0.951278593547098,0.751870442513235,0.890652781939866,0.864211866946359,0.886374155096061,0.951278593547098,0.996965837578663,0.863834382179602,0.912457962907468,0.890652781939866
"36",0.951278593547098,0.871524240002664,0.900456997302967,0.9106874105151,0.896446408950155,0.875835747344588,1.0310133852762,0.822177338261246,0.890706889088669,0.852004461758732,0.829973695601505,0.867740485465987,0.996965837578663,0.903929843838444,0.863838527619618,0.810640795125362,0.951278593547098,0.716047764126128,0.863834382179602,0.892268290297339,0.74963671627876,0.984528685113042,0.685705307495089,0.7895660606666,1.0310133852762,0.804285071837645,0.886207671561283,0.855320813771518,0.878999833516465,0.825391236306729,0.833550386241801,0.817377551360171,0.827197368311524,0.810640795125362,0.798763460193787,0.843132554190391,0.799265041787367,0.864211866946359,0.864211866946359,0.823194053208138,0.887248260247061,0.886207671561283,0.800181533646322,0.864211866946359,0.890652781939866,0.847577664568974,0.822177338261246,0.970894516032364,0.822177338261246,0.878687610295342,0.810640795125362,0.886207671561283,0.922699197549362,0.984528685113042,0.811179435953784,0.93057678220624,0.887248260247061,0.889170957779775,0.890652781939866,0.79918506309726,0.887248260247061,0.804763992941098,0.798763460193787,0.884019863566743,0.97054073852096,0.822177338261246,0.793670296007725,0.779102220890354,0.867463290380581,0.848367420837079,0.890652781939866,0.847577664568974,0.82410003579396,0.824474744447774,0.875711717111178,0.781350114873639,0.867740485465987,0.955723703925682,0.843132554190391,0.825391236306729,0.852561967252689,0.842839543169181,0.887248260247061,0.825391236306729,1.0310133852762,0.914154846335697,0.834591116438584,0.876749741950521,0.838417324276629,0.864211866946359,0.951278593547098,0.751870442513235,0.890652781939866,0.864211866946359,0.886374155096061,0.951278593547098,0.996965837578663,0.863834382179602,0.912457962907468,0.890652781939866
"37",0.951278593547098,0.871524240002664,0.900456997302967,0.9106874105151,0.896446408950155,0.875835747344588,1.0310133852762,0.822177338261246,0.890706889088669,0.852004461758732,0.829973695601505,0.867740485465987,0.996965837578663,0.903929843838444,0.863838527619618,0.810640795125362,0.951278593547098,0.716047764126128,0.863834382179602,0.892268290297339,0.74963671627876,0.984528685113042,0.685705307495089,0.7895660606666,1.0310133852762,0.804285071837645,0.886207671561283,0.855320813771518,0.878999833516465,0.825391236306729,0.833550386241801,0.817377551360171,0.827197368311524,0.810640795125362,0.798763460193787,0.843132554190391,0.799265041787367,0.864211866946359,0.864211866946359,0.823194053208138,0.887248260247061,0.886207671561283,0.800181533646322,0.864211866946359,0.890652781939866,0.847577664568974,0.822177338261246,0.970894516032364,0.822177338261246,0.878687610295342,0.810640795125362,0.886207671561283,0.922699197549362,0.984528685113042,0.811179435953784,0.93057678220624,0.887248260247061,0.889170957779775,0.890652781939866,0.79918506309726,0.887248260247061,0.804763992941098,0.798763460193787,0.884019863566743,0.97054073852096,0.822177338261246,0.793670296007725,0.779102220890354,0.867463290380581,0.848367420837079,0.890652781939866,0.847577664568974,0.82410003579396,0.824474744447774,0.875711717111178,0.781350114873639,0.867740485465987,0.955723703925682,0.843132554190391,0.825391236306729,0.852561967252689,0.842839543169181,0.887248260247061,0.825391236306729,1.0310133852762,0.914154846335697,0.834591116438584,0.876749741950521,0.838417324276629,0.864211866946359,0.951278593547098,0.751870442513235,0.890652781939866,0.864211866946359,0.886374155096061,0.951278593547098,0.996965837578663,0.863834382179602,0.912457962907468,0.890652781939866
"38",0.951278593547098,0.871524240002664,0.900456997302967,0.9106874105151,0.896446408950155,0.875835747344588,1.0310133852762,0.822177338261246,0.890706889088669,0.852004461758732,0.829973695601505,0.867740485465987,0.996965837578663,0.903929843838444,0.863838527619618,0.810640795125362,0.951278593547098,0.718128808310858,0.863834382179602,0.892268290297339,0.74963671627876,0.984528685113042,0.685705307495089,0.7895660606666,1.0310133852762,0.804285071837645,0.886207671561283,0.855320813771518,0.878999833516465,0.825391236306729,0.833550386241801,0.817377551360171,0.827197368311524,0.810640795125362,0.798763460193787,0.843132554190391,0.799265041787367,0.864211866946359,0.864211866946359,0.823194053208138,0.887248260247061,0.886207671561283,0.800181533646322,0.864211866946359,0.890652781939866,0.847577664568974,0.822177338261246,0.970894516032364,0.822177338261246,0.878687610295342,0.810640795125362,0.886207671561283,0.922699197549362,0.984528685113042,0.811179435953784,0.93057678220624,0.887248260247061,0.889170957779775,0.890652781939866,0.79918506309726,0.887248260247061,0.804763992941098,0.798763460193787,0.884019863566743,0.97054073852096,0.822177338261246,0.793670296007725,0.779102220890354,0.867463290380581,0.848367420837079,0.890652781939866,0.847577664568974,0.82410003579396,0.824474744447774,0.875711717111178,0.781350114873639,0.867740485465987,0.955723703925682,0.843132554190391,0.825391236306729,0.901882714430793,0.842839543169181,0.887248260247061,0.825391236306729,1.0310133852762,0.914154846335697,0.834591116438584,0.876749741950521,0.864066193853428,0.864211866946359,0.951278593547098,0.751870442513235,0.890652781939866,0.864211866946359,0.886374155096061,0.951278593547098,0.996965837578663,0.863834382179602,0.912457962907468,0.890652781939866
"39",0.951278593547098,0.871524240002664,0.900456997302967,0.9106874105151,0.896446408950155,0.875835747344588,1.0310133852762,0.822177338261246,0.890706889088669,0.852004461758732,0.829973695601505,0.867740485465987,0.996965837578663,0.903929843838444,0.863838527619618,0.810640795125362,0.951278593547098,0.718128808310858,0.863834382179602,0.892268290297339,0.74963671627876,0.984528685113042,0.685705307495089,0.7895660606666,1.0310133852762,0.804285071837645,0.886207671561283,0.855320813771518,0.878999833516465,0.825391236306729,0.833550386241801,0.817377551360171,0.827197368311524,0.810640795125362,0.798763460193787,0.843132554190391,0.799265041787367,0.864211866946359,0.864211866946359,0.823194053208138,0.887248260247061,0.886207671561283,0.800181533646322,0.864211866946359,0.890652781939866,0.847577664568974,0.822177338261246,0.970894516032364,0.822177338261246,0.878687610295342,0.810640795125362,0.886207671561283,0.922699197549362,0.984528685113042,0.811179435953784,0.93057678220624,0.887248260247061,0.889170957779775,0.890652781939866,0.79918506309726,0.887248260247061,0.804763992941098,0.798763460193787,0.884019863566743,0.97054073852096,0.822177338261246,0.793670296007725,0.779102220890354,0.867463290380581,0.848367420837079,0.890652781939866,0.847577664568974,0.82410003579396,0.824474744447774,0.875711717111178,0.781350114873639,0.867740485465987,0.955723703925682,0.843132554190391,0.825391236306729,0.904504830103553,0.842839543169181,0.887248260247061,0.825391236306729,1.0310133852762,0.914154846335697,0.834591116438584,0.876749741950521,0.864066193853428,0.864211866946359,0.951278593547098,0.751870442513235,0.890652781939866,0.864211866946359,0.886374155096061,0.951278593547098,0.996965837578663,0.863834382179602,0.912457962907468,0.890652781939866
"40",0.951278593547098,0.871524240002664,0.900456997302967,0.9106874105151,0.896446408950155,0.875835747344588,1.0310133852762,0.822177338261246,0.890706889088669,0.852004461758732,0.829973695601505,0.867740485465987,0.996965837578663,0.903929843838444,0.863838527619618,0.810640795125362,0.951278593547098,0.718128808310858,0.863834382179602,0.892268290297339,0.74963671627876,0.984528685113042,0.685705307495089,0.7895660606666,1.0310133852762,0.804285071837645,0.886207671561283,0.855320813771518,0.878999833516465,0.825391236306729,0.833550386241801,0.817377551360171,0.827197368311524,0.810640795125362,0.798763460193787,0.843132554190391,0.799265041787367,0.864211866946359,0.864211866946359,0.823194053208138,0.887248260247061,0.886207671561283,0.800181533646322,0.864211866946359,0.890652781939866,0.847577664568974,0.822177338261246,0.970894516032364,0.822177338261246,0.878687610295342,0.810640795125362,0.886207671561283,0.922699197549362,0.984528685113042,0.811179435953784,0.93057678220624,0.887248260247061,0.889170957779775,0.890652781939866,0.79918506309726,0.887248260247061,0.804763992941098,0.798763460193787,0.884019863566743,0.97054073852096,0.822177338261246,0.793670296007725,0.779102220890354,0.867463290380581,0.848367420837079,0.890652781939866,0.847577664568974,0.82410003579396,0.824474744447774,0.875711717111178,0.781350114873639,0.867740485465987,0.955723703925682,0.843132554190391,0.825391236306729,0.936594531432091,0.842839543169181,0.887248260247061,0.825391236306729,1.0310133852762,0.914154846335697,0.834591116438584,0.876749741950521,0.864066193853428,0.864211866946359,0.951278593547098,0.751870442513235,0.890652781939866,0.864211866946359,0.886374155096061,0.951278593547098,0.996965837578663,0.863834382179602,0.912457962907468,0.890652781939866
"41",0.951278593547098,0.871524240002664,0.900456997302967,0.9106874105151,0.896446408950155,0.875835747344588,1.0310133852762,0.822177338261246,0.890706889088669,0.852004461758732,0.829973695601505,0.867740485465987,0.996965837578663,0.903929843838444,0.863838527619618,0.810640795125362,0.951278593547098,0.719027819398661,0.863834382179602,0.892268290297339,0.74963671627876,0.984528685113042,0.685705307495089,0.7895660606666,1.0310133852762,0.804285071837645,0.886207671561283,0.855320813771518,0.878999833516465,0.825391236306729,0.833550386241801,0.817377551360171,0.827197368311524,0.810640795125362,0.798763460193787,0.843132554190391,0.799265041787367,0.864211866946359,0.864211866946359,0.823194053208138,0.887248260247061,0.886207671561283,0.800181533646322,0.864211866946359,0.890652781939866,0.847577664568974,0.822177338261246,0.970894516032364,0.822177338261246,0.878687610295342,0.810640795125362,0.886207671561283,0.922699197549362,0.984528685113042,0.811179435953784,0.93057678220624,0.887248260247061,0.889170957779775,0.890652781939866,0.79918506309726,0.887248260247061,0.804763992941098,0.798763460193787,0.884019863566743,0.97054073852096,0.822177338261246,0.793670296007725,0.779102220890354,0.867463290380581,0.848367420837079,0.890652781939866,0.847577664568974,0.82410003579396,0.824474744447774,0.875711717111178,0.781350114873639,0.867740485465987,0.955723703925682,0.843132554190391,0.825391236306729,0.939757718592881,0.842839543169181,0.887248260247061,0.825391236306729,1.0310133852762,0.914154846335697,0.834591116438584,0.876749741950521,0.864066193853428,0.864211866946359,0.951278593547098,0.751870442513235,0.890652781939866,0.864211866946359,0.886374155096061,0.951278593547098,0.996965837578663,0.863834382179602,0.912457962907468,0.890652781939866
"42",0.951278593547098,0.871524240002664,0.900456997302967,0.9106874105151,0.896446408950155,0.875835747344588,1.0310133852762,0.822177338261246,0.890706889088669,0.852004461758732,0.829973695601505,0.867740485465987,0.996965837578663,0.903929843838444,0.863838527619618,0.810640795125362,0.951278593547098,0.790778060799787,0.863834382179602,0.892268290297339,0.74963671627876,0.984528685113042,0.685705307495089,0.7895660606666,1.0310133852762,0.804285071837645,0.886207671561283,0.855320813771518,0.878999833516465,0.825391236306729,0.833550386241801,0.817377551360171,0.827197368311524,0.810640795125362,0.798763460193787,0.843132554190391,0.799265041787367,0.864211866946359,0.864211866946359,0.823194053208138,0.887248260247061,0.886207671561283,0.800181533646322,0.864211866946359,0.890652781939866,0.847577664568974,0.822177338261246,0.970894516032364,0.822177338261246,0.878687610295342,0.810640795125362,0.886207671561283,0.922699197549362,0.984528685113042,0.811179435953784,0.93057678220624,0.887248260247061,0.889170957779775,0.890652781939866,0.79918506309726,0.887248260247061,0.804763992941098,0.798763460193787,0.884019863566743,0.97054073852096,0.822177338261246,0.793670296007725,0.779102220890354,0.867463290380581,0.848367420837079,0.890652781939866,0.847577664568974,0.82410003579396,0.824474744447774,0.875711717111178,0.781350114873639,0.867740485465987,0.955723703925682,0.843132554190391,0.825391236306729,0.944918708171012,0.842839543169181,0.887248260247061,0.825391236306729,1.0310133852762,0.914154846335697,0.834591116438584,0.876749741950521,0.904667365897513,0.864211866946359,0.951278593547098,0.751870442513235,0.890652781939866,0.864211866946359,0.886374155096061,0.951278593547098,0.996965837578663,0.863834382179602,0.912457962907468,0.890652781939866
"43",0.951278593547098,0.871524240002664,0.900456997302967,0.9106874105151,0.896446408950155,0.875835747344588,1.0310133852762,0.822177338261246,0.890706889088669,0.852004461758732,0.829973695601505,0.867740485465987,0.996965837578663,0.903929843838444,0.863838527619618,0.810640795125362,0.951278593547098,0.840567042919455,0.863834382179602,0.892268290297339,0.74963671627876,0.984528685113042,0.685705307495089,0.7895660606666,1.0310133852762,0.804285071837645,0.886207671561283,0.855320813771518,0.878999833516465,0.825391236306729,0.833550386241801,0.817377551360171,0.827197368311524,0.810640795125362,0.798763460193787,0.843132554190391,0.799265041787367,0.864211866946359,0.864211866946359,0.823194053208138,0.887248260247061,0.886207671561283,0.800181533646322,0.864211866946359,0.890652781939866,0.847577664568974,0.822177338261246,0.970894516032364,0.822177338261246,0.878687610295342,0.810640795125362,0.886207671561283,0.922699197549362,0.984528685113042,0.811179435953784,0.93057678220624,0.887248260247061,0.889170957779775,0.890652781939866,0.79918506309726,0.887248260247061,0.804763992941098,0.798763460193787,0.884019863566743,0.97054073852096,0.822177338261246,0.793670296007725,0.779102220890354,0.867463290380581,0.848367420837079,0.890652781939866,0.847577664568974,0.82410003579396,0.824474744447774,0.875711717111178,0.781350114873639,0.867740485465987,0.955723703925682,0.843132554190391,0.825391236306729,0.951421971248294,0.842839543169181,0.887248260247061,0.825391236306729,1.0310133852762,0.914154846335697,0.834591116438584,0.876749741950521,0.908454866313722,0.864211866946359,0.951278593547098,0.751870442513235,0.890652781939866,0.864211866946359,0.886374155096061,0.951278593547098,0.996965837578663,0.863834382179602,0.912457962907468,0.890652781939866
"44",0.951278593547098,0.871524240002664,0.900456997302967,0.9106874105151,0.896446408950155,0.875835747344588,1.0310133852762,0.822177338261246,0.890706889088669,0.852004461758732,0.829973695601505,0.867740485465987,0.996965837578663,0.903929843838444,0.863838527619618,0.810640795125362,0.951278593547098,0.872656744247994,0.863834382179602,0.892268290297339,0.74963671627876,0.984528685113042,0.685705307495089,0.7895660606666,1.0310133852762,0.804285071837645,0.886207671561283,0.855320813771518,0.878999833516465,0.825391236306729,0.833550386241801,0.817377551360171,0.827197368311524,0.810640795125362,0.798763460193787,0.843132554190391,0.799265041787367,0.864211866946359,0.864211866946359,0.823194053208138,0.887248260247061,0.886207671561283,0.800181533646322,0.864211866946359,0.890652781939866,0.847577664568974,0.822177338261246,0.970894516032364,0.822177338261246,0.878687610295342,0.810640795125362,0.886207671561283,0.922699197549362,0.984528685113042,0.811179435953784,0.93057678220624,0.887248260247061,0.889170957779775,0.890652781939866,0.79918506309726,0.887248260247061,0.804763992941098,0.798763460193787,0.884019863566743,0.97054073852096,0.822177338261246,0.793670296007725,0.779102220890354,0.867463290380581,0.848367420837079,0.890652781939866,0.847577664568974,0.82410003579396,0.824474744447774,0.875711717111178,0.781350114873639,0.867740485465987,0.955723703925682,0.843132554190391,0.825391236306729,0.951421971248294,0.842839543169181,0.887248260247061,0.825391236306729,1.0310133852762,0.914154846335697,0.834591116438584,0.876749741950521,0.9151766390304,0.864211866946359,0.951278593547098,0.751870442513235,0.890652781939866,0.864211866946359,0.886374155096061,0.951278593547098,0.996965837578663,0.863834382179602,0.912457962907468,0.890652781939866
"45",0.951278593547098,0.871524240002664,0.900456997302967,0.9106874105151,0.896446408950155,0.875835747344588,1.0310133852762,0.822177338261246,0.890706889088669,0.852004461758732,0.829973695601505,0.867740485465987,0.996965837578663,0.903929843838444,0.863838527619618,0.810640795125362,0.951278593547098,0.875819931408784,0.863834382179602,0.892268290297339,0.74963671627876,0.984528685113042,0.685705307495089,0.7895660606666,1.0310133852762,0.804285071837645,0.886207671561283,0.855320813771518,0.878999833516465,0.825391236306729,0.833550386241801,0.817377551360171,0.827197368311524,0.810640795125362,0.798763460193787,0.843132554190391,0.799265041787367,0.864211866946359,0.864211866946359,0.823194053208138,0.887248260247061,0.886207671561283,0.800181533646322,0.864211866946359,0.890652781939866,0.847577664568974,0.822177338261246,0.970894516032364,0.822177338261246,0.878687610295342,0.810640795125362,0.886207671561283,0.922699197549362,0.984528685113042,0.811179435953784,0.93057678220624,0.887248260247061,0.889170957779775,0.890652781939866,0.79918506309726,0.887248260247061,0.804763992941098,0.798763460193787,0.884019863566743,0.97054073852096,0.822177338261246,0.793670296007725,0.779102220890354,0.867463290380581,0.848367420837079,0.890652781939866,0.847577664568974,0.82410003579396,0.824474744447774,0.875711717111178,0.781350114873639,0.867740485465987,0.955723703925682,0.843132554190391,0.825391236306729,0.951421971248294,0.842839543169181,0.887248260247061,0.825391236306729,1.0310133852762,0.914154846335697,0.834591116438584,0.876749741950521,0.921679902107681,0.864211866946359,0.951278593547098,0.751870442513235,0.890652781939866,0.864211866946359,0.886374155096061,0.951278593547098,0.996965837578663,0.863834382179602,0.912457962907468,0.890652781939866
"46",0.951278593547098,0.871524240002664,0.900456997302967,0.9106874105151,0.896446408950155,0.875835747344588,1.0310133852762,0.822177338261246,0.890706889088669,0.852004461758732,0.829973695601505,0.867740485465987,0.996965837578663,0.903929843838444,0.863838527619618,0.810640795125362,0.951278593547098,0.880980920986914,0.863834382179602,0.892268290297339,0.74963671627876,0.984528685113042,0.685705307495089,0.7895660606666,1.0310133852762,0.804285071837645,0.886207671561283,0.855320813771518,0.878999833516465,0.825391236306729,0.833550386241801,0.817377551360171,0.827197368311524,0.810640795125362,0.798763460193787,0.843132554190391,0.799265041787367,0.864211866946359,0.864211866946359,0.823194053208138,0.887248260247061,0.886207671561283,0.800181533646322,0.864211866946359,0.890652781939866,0.847577664568974,0.822177338261246,0.970894516032364,0.822177338261246,0.878687610295342,0.810640795125362,0.886207671561283,0.922699197549362,0.984528685113042,0.811179435953784,0.93057678220624,0.887248260247061,0.889170957779775,0.890652781939866,0.79918506309726,0.887248260247061,0.804763992941098,0.798763460193787,0.884019863566743,0.97054073852096,0.822177338261246,0.793670296007725,0.779102220890354,0.867463290380581,0.848367420837079,0.890652781939866,0.847577664568974,0.82410003579396,0.824474744447774,0.875711717111178,0.781350114873639,0.867740485465987,0.955723703925682,0.843132554190391,0.825391236306729,0.951421971248294,0.842839543169181,0.887248260247061,0.825391236306729,1.0310133852762,0.914154846335697,0.834591116438584,0.876749741950521,0.921679902107681,0.864211866946359,0.951278593547098,0.751870442513235,0.890652781939866,0.864211866946359,0.886374155096061,0.951278593547098,0.996965837578663,0.863834382179602,0.912457962907468,0.890652781939866
"47",0.951278593547098,0.871524240002664,0.900456997302967,0.9106874105151,0.896446408950155,0.875835747344588,1.0310133852762,0.822177338261246,0.890706889088669,0.852004461758732,0.829973695601505,0.867740485465987,0.996965837578663,0.903929843838444,0.863838527619618,0.810640795125362,0.951278593547098,0.887484184064196,0.863834382179602,0.892268290297339,0.74963671627876,0.984528685113042,0.685705307495089,0.7895660606666,1.0310133852762,0.804285071837645,0.886207671561283,0.855320813771518,0.878999833516465,0.825391236306729,0.833550386241801,0.817377551360171,0.827197368311524,0.810640795125362,0.798763460193787,0.843132554190391,0.799265041787367,0.864211866946359,0.864211866946359,0.823194053208138,0.887248260247061,0.886207671561283,0.800181533646322,0.864211866946359,0.890652781939866,0.847577664568974,0.822177338261246,0.970894516032364,0.822177338261246,0.878687610295342,0.810640795125362,0.886207671561283,0.922699197549362,0.984528685113042,0.811179435953784,0.93057678220624,0.887248260247061,0.889170957779775,0.890652781939866,0.79918506309726,0.887248260247061,0.804763992941098,0.798763460193787,0.884019863566743,0.97054073852096,0.822177338261246,0.793670296007725,0.779102220890354,0.867463290380581,0.848367420837079,0.890652781939866,0.847577664568974,0.82410003579396,0.824474744447774,0.875711717111178,0.781350114873639,0.867740485465987,0.955723703925682,0.843132554190391,0.825391236306729,0.951421971248294,0.842839543169181,0.887248260247061,0.825391236306729,1.0310133852762,0.914154846335697,0.834591116438584,0.876749741950521,0.921679902107681,0.864211866946359,0.951278593547098,0.751870442513235,0.890652781939866,0.864211866946359,0.886374155096061,0.951278593547098,0.996965837578663,0.863834382179602,0.912457962907468,0.890652781939866
"48",0.951278593547098,0.871524240002664,0.900456997302967,0.9106874105151,0.896446408950155,0.875835747344588,1.0310133852762,0.822177338261246,0.890706889088669,0.852004461758732,0.829973695601505,0.867740485465987,0.996965837578663,0.903929843838444,0.863838527619618,0.810640795125362,0.951278593547098,0.887484184064196,0.863834382179602,0.892268290297339,0.74963671627876,0.984528685113042,0.685705307495089,0.7895660606666,1.0310133852762,0.804285071837645,0.886207671561283,0.855320813771518,0.878999833516465,0.825391236306729,0.833550386241801,0.817377551360171,0.827197368311524,0.810640795125362,0.798763460193787,0.843132554190391,0.799265041787367,0.864211866946359,0.864211866946359,0.823194053208138,0.887248260247061,0.886207671561283,0.800181533646322,0.864211866946359,0.890652781939866,0.847577664568974,0.822177338261246,0.970894516032364,0.822177338261246,0.878687610295342,0.810640795125362,0.886207671561283,0.922699197549362,0.984528685113042,0.811179435953784,0.93057678220624,0.887248260247061,0.889170957779775,0.890652781939866,0.79918506309726,0.887248260247061,0.804763992941098,0.798763460193787,0.884019863566743,0.97054073852096,0.822177338261246,0.793670296007725,0.779102220890354,0.867463290380581,0.848367420837079,0.890652781939866,0.847577664568974,0.82410003579396,0.824474744447774,0.875711717111178,0.781350114873639,0.867740485465987,0.955723703925682,0.843132554190391,0.825391236306729,0.951421971248294,0.842839543169181,0.887248260247061,0.825391236306729,1.0310133852762,0.914154846335697,0.834591116438584,0.876749741950521,0.921679902107681,0.864211866946359,0.951278593547098,0.751870442513235,0.890652781939866,0.864211866946359,0.886374155096061,0.951278593547098,0.996965837578663,0.863834382179602,0.912457962907468,0.890652781939866
"49",0.951278593547098,0.871524240002664,0.900456997302967,0.9106874105151,0.896446408950155,0.875835747344588,1.0310133852762,0.822177338261246,0.890706889088669,0.852004461758732,0.829973695601505,0.867740485465987,0.996965837578663,0.903929843838444,0.863838527619618,0.810640795125362,0.951278593547098,0.887484184064196,0.863834382179602,0.892268290297339,0.74963671627876,0.984528685113042,0.685705307495089,0.7895660606666,1.0310133852762,0.804285071837645,0.886207671561283,0.855320813771518,0.878999833516465,0.825391236306729,0.833550386241801,0.817377551360171,0.827197368311524,0.810640795125362,0.798763460193787,0.843132554190391,0.799265041787367,0.864211866946359,0.864211866946359,0.823194053208138,0.887248260247061,0.886207671561283,0.800181533646322,0.864211866946359,0.890652781939866,0.847577664568974,0.822177338261246,0.970894516032364,0.822177338261246,0.878687610295342,0.810640795125362,0.886207671561283,0.922699197549362,0.984528685113042,0.811179435953784,0.93057678220624,0.887248260247061,0.889170957779775,0.890652781939866,0.79918506309726,0.887248260247061,0.804763992941098,0.798763460193787,0.884019863566743,0.97054073852096,0.822177338261246,0.793670296007725,0.779102220890354,0.867463290380581,0.848367420837079,0.890652781939866,0.847577664568974,0.82410003579396,0.824474744447774,0.875711717111178,0.781350114873639,0.867740485465987,0.955723703925682,0.843132554190391,0.825391236306729,0.951421971248294,0.842839543169181,0.887248260247061,0.825391236306729,1.0310133852762,0.914154846335697,0.834591116438584,0.876749741950521,0.921679902107681,0.864211866946359,0.951278593547098,0.751870442513235,0.890652781939866,0.864211866946359,0.886374155096061,0.951278593547098,0.996965837578663,0.863834382179602,0.912457962907468,0.890652781939866
"50",0.951278593547098,0.871524240002664,0.900456997302967,0.9106874105151,0.896446408950155,0.875835747344588,1.0310133852762,0.822177338261246,0.890706889088669,0.852004461758732,0.829973695601505,0.867740485465987,0.996965837578663,0.903929843838444,0.863838527619618,0.810640795125362,0.951278593547098,0.887484184064196,0.863834382179602,0.892268290297339,0.74963671627876,0.984528685113042,0.685705307495089,0.7895660606666,1.0310133852762,0.804285071837645,0.886207671561283,0.855320813771518,0.878999833516465,0.825391236306729,0.833550386241801,0.817377551360171,0.827197368311524,0.810640795125362,0.798763460193787,0.843132554190391,0.799265041787367,0.864211866946359,0.864211866946359,0.823194053208138,0.887248260247061,0.886207671561283,0.800181533646322,0.864211866946359,0.890652781939866,0.847577664568974,0.822177338261246,0.970894516032364,0.822177338261246,0.878687610295342,0.810640795125362,0.886207671561283,0.922699197549362,0.984528685113042,0.811179435953784,0.93057678220624,0.887248260247061,0.889170957779775,0.890652781939866,0.79918506309726,0.887248260247061,0.804763992941098,0.798763460193787,0.884019863566743,0.97054073852096,0.822177338261246,0.793670296007725,0.779102220890354,0.867463290380581,0.848367420837079,0.890652781939866,0.847577664568974,0.82410003579396,0.824474744447774,0.875711717111178,0.781350114873639,0.867740485465987,0.955723703925682,0.843132554190391,0.825391236306729,0.951421971248294,0.842839543169181,0.887248260247061,0.825391236306729,1.0310133852762,0.914154846335697,0.834591116438584,0.876749741950521,0.921679902107681,0.864211866946359,0.951278593547098,0.751870442513235,0.890652781939866,0.864211866946359,0.886374155096061,0.951278593547098,0.996965837578663,0.863834382179602,0.912457962907468,0.890652781939866
"51",0.951278593547098,0.871524240002664,0.900456997302967,0.9106874105151,0.896446408950155,0.875835747344588,1.0310133852762,0.822177338261246,0.890706889088669,0.852004461758732,0.829973695601505,0.867740485465987,0.996965837578663,0.903929843838444,0.863838527619618,0.810640795125362,0.951278593547098,0.887484184064196,0.863834382179602,0.892268290297339,0.74963671627876,0.984528685113042,0.685705307495089,0.7895660606666,1.0310133852762,0.804285071837645,0.886207671561283,0.855320813771518,0.878999833516465,0.825391236306729,0.833550386241801,0.817377551360171,0.827197368311524,0.810640795125362,0.798763460193787,0.843132554190391,0.799265041787367,0.864211866946359,0.864211866946359,0.823194053208138,0.887248260247061,0.886207671561283,0.800181533646322,0.864211866946359,0.890652781939866,0.847577664568974,0.822177338261246,0.970894516032364,0.822177338261246,0.878687610295342,0.810640795125362,0.886207671561283,0.922699197549362,0.984528685113042,0.811179435953784,0.93057678220624,0.887248260247061,0.889170957779775,0.890652781939866,0.79918506309726,0.887248260247061,0.804763992941098,0.798763460193787,0.884019863566743,0.97054073852096,0.822177338261246,0.793670296007725,0.779102220890354,0.867463290380581,0.848367420837079,0.890652781939866,0.847577664568974,0.82410003579396,0.824474744447774,0.875711717111178,0.781350114873639,0.867740485465987,0.955723703925682,0.843132554190391,0.825391236306729,0.951421971248294,0.842839543169181,0.887248260247061,0.825391236306729,1.0310133852762,0.914154846335697,0.834591116438584,0.876749741950521,0.921679902107681,0.864211866946359,0.951278593547098,0.751870442513235,0.890652781939866,0.864211866946359,0.886374155096061,0.951278593547098,0.996965837578663,0.863834382179602,0.912457962907468,0.890652781939866
