"Mg","Zn","Y","Zr","Nd","Gd","solut_T","solut_time","homo_T","homo_time","extrusion_T","extrusion_ratio","A_T","A_time","UTS","YS","EL"
96.92,0,3.08,0,0,0,525,7,0,0,0,0,0,0,160,70,11
95.33,0,4.67,0,0,0,525,7,0,0,0,0,0,0,175,89,10
93.45,0,6.55,0,0,0,525,7,0,0,0,0,0,0,230,110,8
97,0,3,0,0,0,0,0,530,8,350,25,0,0,200,120,33
98.13,0,0,0,0,1.87,0,0,0,0,0,0,0,0,103.73,37.992,6.362
98.13,0,0,0,0,1.87,525,24,0,0,0,0,0,0,87.002,33.43,4.928
98.13,0,0,0,0,1.87,525,24,0,0,0,0,250,6,101.368,41.274,5.686
95.33,0,0,0,0,4.67,0,0,0,0,0,0,0,0,128.468,54.752,6.62
95.33,0,0,0,0,4.67,525,24,0,0,0,0,0,0,98.012,44.85,6.042
95.33,0,0,0,0,4.67,525,24,0,0,0,0,250,6,78.658,42.604,4.27
90.8,0,0,0,0,9.2,0,0,0,0,0,0,0,0,131.152,84.11,2.5
90.8,0,0,0,0,9.2,525,24,0,0,0,0,0,0,111.65,69.12,3.152
90.8,0,0,0,0,9.2,525,24,0,0,0,0,250,6,132.258,85.43,2.182
85.95,0,0,0,0,14.05,0,0,0,0,0,0,0,0,175.22,127.646,3.95
85.95,0,0,0,0,14.05,525,24,0,0,0,0,0,0,186.844,118.052,2.44
85.95,0,0,0,0,14.05,525,24,0,0,0,0,250,6,250.918,201.396,2.74
96.89,0,0,0,0,3.11,535,1.5,0,0,0,0,0,0,160,60,13
94.27,0,0,0,0,5.73,535,4,0,0,0,0,0,0,180,80,11
90.72,0,0,0,0,9.28,535,6.5,0,0,0,0,0,0,190,100,9
85.8,0,0,0,0,14.2,535,9,0,0,0,0,0,0,225,130,8
80.4,0,0,0,0,19.6,540,9.5,0,0,0,0,0,0,255,150,7.5
80,0,0,0,0,20,0,0,0,0,0,0,0,0,254,254,13
98.8,0,0,0,1.2,0,0,0,0,0,0,0,0,0,123,95,4.61
98.15,0,0,0,1.85,0,0,0,0,0,0,0,0,0,155.8,121.2,2.76
96.41,0,0,0,3.59,0,0,0,0,0,0,0,0,0,153.6,141.2,1.08
98,0,0,0,2,0,0,0,0,0,380,16,0,0,193,77,30
97.6,2,0,0,0,0.4,0,0,0,0,310,10,0,0,220,125,26
97.6,2,0.4,0,0,0,0,0,0,0,310,10,0,0,240,160,30
97.6,2,0,0,0.4,0,0,0,0,0,310,10,0,0,245,175,28
82.3,14.4,3.3,0,0,0,480,24,0,0,430,25,0,0,320,171,12
82.3,14.4,3.3,0,0,0,480,24,0,0,300,25,150,30,380,365,8
99.1,0,0.4,0.5,0,0,0,0,0,0,0,0,0,0,119.3,20.9,4.3
99.1,0,0,0.5,0,0.4,0,0,0,0,0,0,0,0,144.6,52.2,22.1
91.4,0,0,0.6,0,8,0,0,0,0,0,0,0,0,141,82,6.2
91.4,0,0,0.6,0,8,530,10,0,0,0,0,230,90,155,81,6.4
86.6,0,3,0.4,0,10,0,0,0,0,0,0,0,0,230,151,4.4
86.6,0,3,0.4,0,10,500,6,0,0,0,0,0,0,247,131,14.4
86.6,0,3,0.4,0,10,500,6,0,0,0,0,225,30,349,231,2.2
93,0.2,4,0.4,2.4,0,0,0,0,0,0,0,0,0,197,150,7.5
93,0.2,4,0.4,2.4,0,490,20,0,0,0,0,0,0,240,162,15
93,0.2,4,0.4,2.4,0,490,20,0,0,0,0,200,70,339,268,4
93,0.2,4,0.4,2.4,0,500,6,0,0,0,0,225,20,330,265,6.5
93,0.2,4,0.4,2.4,0,510,4,0,0,0,0,250,5,260,195,3
96.25,0.22,0,0.44,3.09,0,0,0,0,0,350,10,0,0,307,293,15.9
95,1.6,0,0.4,3,0,540,10,0,0,0,0,0,0,194,90,12
96.1,0.4,0,0.5,3,0,520,8,0,0,0,0,200,16,293,163,7
98.7,0,0.4,0.5,0,0.4,0,0,0,0,0,0,0,0,140.2,51.7,27.7
91.5,0,0,0.5,2,6,500,6,0,0,0,0,0,0,220,118,17
91.5,0,0,0.5,2,6,500,6,0,0,0,0,200,24,345,175,7.5
91.5,0,0,0.5,2,6,0,0,500,6,450,9.3,0,0,275,200,21
91.5,0,0,0.5,2,6,0,0,500,6,350,9.3,0,0,350,250,8
91.5,0,0,0.5,2,6,0,0,500,6,450,9.3,200,24,290,245,29
91.5,0,0,0.5,2,6,0,0,500,6,350,9.3,200,24,375,275,17.5
86.5,0,3,0.5,0,10,0,0,0,0,0,0,0,0,187,178,3.2
84.6,0,3,0.4,0,12,0,0,0,0,400,15,0,0,282.5,187.3,6.3
86.6,1,3.8,0.4,0,8.2,0,0,0,0,0,0,0,0,187,119,2.1
86.6,1,3.8,0.4,0,8.2,0,0,520,12,0,0,0,0,206,130,5.5
94.4,0.5,0,0.3,3.1,1.7,520,12,0,0,0,0,0,0,290,188,7
87,0.6,3.1,0.5,0,8.8,0,0,0,0,0,0,0,0,230,170,7
87,0.6,3.1,0.5,0,8.8,0,0,520,10,250,16,0,0,297,208,17.6
87,0.6,3.1,0.5,0,8.8,0,0,520,10,250,16,200,40,395,310,13.7
87,0.6,3.1,0.5,0,8.8,0,0,520,10,250,16,200,63,430,375,9.5
87,0.6,3.1,0.5,0,8.8,0,0,520,10,250,16,200,100,422,340,12.9
87,0.6,3.1,0.5,0,8.8,0,0,520,10,250,16,200,126,407,320,14.3
93.4,5,0,0.6,1,0,0,0,0,0,0,0,0,0,200,100,7.5
95.16640218,1.29947137,3.534126452,0,0,0,500,8,0,0,420,18,0,0,287.1,234.6,18.4
86.41850106,3.651269652,9.930229289,0,0,0,500,8,0,0,420,18,0,0,357.2,239,11.9
78.71364167,5.7226551,15.56370323,0,0,0,500,8,0,0,420,18,0,0,387.3,324.8,1.33
86.20037978,4.866262867,8.933357352,0,0,0,0,0,0,0,0,0,0,0,265,120,9
86.20037978,4.866262867,8.933357352,0,0,0,0,0,400,10,0,0,0,0,220,110,6.5
86.20037978,4.866262867,8.933357352,0,0,0,0,0,540,4,0,0,0,0,210,100,7.5
86.20037978,4.866262867,8.933357352,0,0,0,0,0,440,14,0,0,0,0,195,105,4
98.05,1.59,0.36,0,0,0,0,0,350,24,350,20,0,0,282.4,247.9,24.5
98.05,1.59,0.36,0,0,0,0,0,350,24,300,20,0,0,302.5,281.9,18.9
94.28,4.66,1.06,0,0,0,0,0,350,24,350,20,0,0,294.8,208.1,24.3
94.28,4.66,1.06,0,0,0,0,0,350,24,300,20,0,0,297.9,215.3,23.3
84.02,13.03,2.95,0,0,0,0,0,350,24,350,20,0,0,322.9,203.7,18.9
84.02,13.03,2.95,0,0,0,0,0,350,24,300,20,0,0,335.5,236.1,11.3
90.01,8.08,1.91,0,0,0,0,0,0,0,0,0,0,0,189,109,3.9
90.89,6.12,2.99,0,0,0,0,0,0,0,0,0,0,0,279,129,11.9
87.85,6.25,5.9,0,0,0,0,0,0,0,0,0,0,0,242,149,7
90.11,3.83,6.06,0,0,0,0,0,0,0,0,0,0,0,210,127,6.1
89.99,3.08,6.93,0,0,0,0,0,0,0,0,0,0,0,168,104,4.7
90.64926713,2.513864435,6.836868439,0,0,0,0,0,0,0,366,10,0,0,333,263,16.7
86.97701301,10.34378452,2.679202469,0,0,0,0,0,400,10,250,10,0,0,297,197,18
81.43740929,15.15038674,3.412203968,0,0,0,0,0,400,10,250,10,0,0,321,213,18
95.61348304,2.611152275,1.775364686,0,0,0,0,0,500,10,350,10,0,0,340.3,328.3,11
93.91659531,2.577896965,3.505507725,0,0,0,0,0,500,10,350,10,0,0,383.2,360.5,11
92.26238673,2.545478073,5.1921352,0,0,0,0,0,500,10,350,10,0,0,390.2,367.5,1.3
89.07572437,2.483026418,8.441249214,0,0,0,0,0,500,10,350,10,0,0,381.5,335.3,7
87.54031962,2.452935823,10.00674456,0,0,0,0,0,500,10,350,10,0,0,406.3,341.1,8
91.84177647,1.266936812,6.891286722,0,0,0,0,0,500,10,350,10,0,0,350,320,6
89.47544395,3.741253176,6.78330287,0,0,0,0,0,500,10,350,10,0,0,399,390,2.7
88.31987116,4.949558713,6.730570128,0,0,0,0,0,500,10,350,10,0,0,423,389,5
87.18212639,6.139222666,6.67865094,0,0,0,0,0,500,10,350,10,0,0,415,385,4
93.91659531,2.577896965,3.505507725,0,0,0,0,0,540,15,330,26.9,0,0,282,192,24
96.8,2,0.6,0,0.6,0,0,0,0,0,0,0,0,0,200,116,19.8
95.2,3,0.9,0,0.9,0,0,0,0,0,0,0,0,0,189,121,13.9
93.6,4,1.2,0,1.2,0,0,0,0,0,0,0,0,0,180,119,12.5
96.8,2,0.6,0,0.6,0,520,3,0,0,0,0,240,20,236,134,12.1
95.2,3,0.9,0,0.9,0,520,9,0,0,0,0,240,20,248,145,14.8
93.6,4,1.2,0,1.2,0,520,12,0,0,0,0,240,20,257,152,13.9
93.27,3.12,1.78,0.59,1.24,0,0,0,0,0,0,0,0,0,190,119,14.1
92.36,3.42,2.13,0.63,1.46,0,0,0,0,0,0,0,0,0,201,128,10.2
91.17,4.08,2.51,0.57,1.67,0,0,0,0,0,0,0,0,0,182,123,9.4
90.02,4.66,2.83,0.64,1.85,0,0,0,0,0,0,0,0,0,168,116,7.8
94.9,3,0.9,0.6,0.6,0,540,8,0,0,270,25,0,0,213,124,16.8
94.9,3,0.9,0.6,0.6,0,540,8,0,0,270,25,220,16,262,161,15.2
96.5,0,0,0.5,3,0,540,4,0,0,300,9,0,0,220.83,140.93,37.59
96.5,0,0,0.5,3,0,540,4,0,0,300,9,200,8,283.68,186.21,27.53
96.3,0.2,0,0.5,3,0,540,4,0,0,300,9,0,0,223.06,150.82,34.17
96.3,0.2,0,0.5,3,0,540,4,0,0,300,9,200,8,309.73,204.64,26.62
96,0.5,0,0.5,3,0,540,4,0,0,300,9,0,0,231.53,167.56,36.91
96,0.5,0,0.5,3,0,540,4,0,0,300,9,200,8,281.42,209.22,26.76
96.2,0.6,0,0.5,2.7,0,0,0,0,0,0,0,0,0,148.6,108,2.8
96.2,0.6,0,0.5,2.7,0,525,14,0,0,0,0,200,12,193.6,112.6,6.7
96.2,0.6,0,0.5,2.7,0,525,14,0,0,0,0,200,16,258.7,191.4,4.2
96.293,0.164,0,0.413,3.13,0,0,0,0,0,0,0,0,0,194,90,12
96.293,0.164,0,0.413,3.13,0,540,10,0,0,250,25,0,0,234,162,26
96.293,0.164,0,0.413,3.13,0,540,10,0,0,350,25,0,0,229,145,25
96.293,0.164,0,0.413,3.13,0,540,10,0,0,450,25,0,0,226,124,22
96.293,0.164,0,0.413,3.13,0,540,10,0,0,250,25,200,10,243,189,21
96.293,0.164,0,0.413,3.13,0,540,10,0,0,350,25,200,10,240,159,19
96.293,0.164,0,0.413,3.13,0,540,10,0,0,450,25,200,10,236,137,17
93.61,5.65,0,0.74,0,0,0,0,0,0,390,10,0,0,316.5,213.1,16.3
92.59,5.69,0.92,0.8,0,0,0,0,0,0,390,10,0,0,325.2,216.3,11
92.72,5.43,1.17,0.68,0,0,0,0,0,0,390,10,0,0,342.5,237.3,10.5
91.83,5.72,1.72,0.73,0,0,0,0,0,0,390,10,0,0,344.9,231,12.4
91.04,5.57,2.57,0.82,0,0,0,0,0,0,390,10,0,0,333.1,231,12.4
89.98,5.47,3.69,0.86,0,0,0,0,0,0,390,10,0,0,316.3,218.4,13.3
92.78,5.15,1.4,0.67,0,0,0,0,0,0,0,0,0,0,220,140,4
92.78,5.15,1.4,0.67,0,0,0,0,0,0,380,16,0,0,351,302,15
91.7,2.6,5.1,0.6,0,0,0,0,400,29,450,11,0,0,290.4,233.6,17.1
90.1,4.6,4.7,0.6,0,0,0,0,400,29,450,11,0,0,344.6,321.5,18.1
88.9,6.1,4.4,0.6,0,0,0,0,400,29,450,11,0,0,283,243,20.3
93.5,6.01,0,0.49,0,0,0,0,400,29,450,25,0,0,315,210.3,19.3
92.73,5.94,0.96,0.37,0,0,0,0,400,29,450,25,0,0,325.1,247.1,22.3
90.7,5.3,3.59,0.41,0,0,0,0,400,29,450,25,0,0,330.2,292.4,20.7
90.04,4.61,4.74,0.61,0,0,0,0,400,29,450,25,0,0,345.2,323.5,18.1
91.98,6.63,1.39,0,0,0,400,24,0,0,210,18,0,0,337,315,16.8
86.98,10.34,2.68,0,0,0,0,0,0,0,400,10,0,0,330,262,15
81.61,15.17,3.22,0,0,0,0,0,0,0,400,10,0,0,335,252,12
95.8,3,0.6,0.6,0,0,0,0,350,8,0,0,0,0,222.1748,156.1548,15.0525
95.8,3,0.6,0.6,0,0,425,24,0,0,0,0,0,0,223.0363,150.9683,17.8725
95.8,3,0.6,0.6,0,0,425,24,0,0,0,0,200,24,224.4573,158.0743,15.2625
97.46,2.54,0,0,0,0,0,0,400,24,265,14,0,0,246,149,20.4
97.46,2.54,0,0,0,0,0,0,400,24,400,14,0,0,234,149,17.4
94.65,5.35,0,0,0,0,0,0,400,24,265,14,0,0,299.4,188.5,19.9
94.65,5.35,0,0,0,0,0,0,400,24,400,14,0,0,277,183,17.4
96.53,2.53,0,0,0,0.94,0,0,400,24,280,14,0,0,304.9,268.9,7.3
96.53,2.53,0,0,0,0.94,0,0,400,24,400,14,0,0,284.8,236,9.2
96.53,2.53,0,0,0,0.94,0,0,400,24,500,14,0,0,262.6,210.9,11.1
93.95,5.14,0,0,0,0.91,0,0,400,24,280,14,0,0,287.2,191.2,15.8
93.95,5.14,0,0,0,0.91,0,0,400,24,400,14,0,0,279.2,185.2,15.3
93.95,5.14,0,0,0,0.91,0,0,400,24,420,14,0,0,275.3,180.3,17.7
96.44,2.68,0.88,0,0,0,0,0,400,24,300,14,0,0,306.1,271,7.53
96.44,2.68,0.88,0,0,0,0,0,400,24,400,14,0,0,291.6,247.8,5.38
96.44,2.68,0.88,0,0,0,0,0,400,24,450,14,0,0,286.6,239.7,9.97
94.26,5.07,0.67,0,0,0,0,0,400,24,300,14,0,0,287.9,190.9,14.6
94.26,5.07,0.67,0,0,0,0,0,400,24,400,14,0,0,285.1,196.2,12.6
94.26,5.07,0.67,0,0,0,0,0,400,24,420,14,0,0,286.9,210.9,13
82.44770743,4.718783117,12.83350945,0,0,0,0,0,0,0,0,0,0,0,236.2,153.6,3.7
75.19574223,6.668411682,18.13584609,0,0,0,0,0,0,0,0,0,0,0,220.9,155.6,1.36
90.64926643,2.513864416,6.836869155,0,0,0,0,0,0,0,450,42,0,0,286.3,170,28.7
90.09630037,2.502916244,6.807093794,0.593689589,0,0,0,0,0,0,0,0,0,0,236.8,138.9,10.9
90.09630037,2.502916244,6.807093794,0.593689589,0,0,0,0,0,0,450,42,0,0,282,160.4,25.6
82.44770743,4.718783117,12.83350945,0,0,0,0,0,500,12,450,9,0,0,390,246,2.8
90.64926643,2.513864416,6.836869155,0,0,0,0,0,0,0,350,10,0,0,376.9,324.6,4.5
92,6,1.5,0.5,0,0,0,0,400,18,300,10,0,0,342,284.8,10.2
92,6,1.5,0.5,0,0,0,0,400,18,350,10,0,0,337.7,278.4,10.8
92,6,1.5,0.5,0,0,0,0,400,18,400,10,0,0,327.1,257.6,14.6
92,6,1.5,0.5,0,0,0,0,400,18,300,10,180,48,337.7,290,15.5
92,6,1.5,0.5,0,0,0,0,400,18,350,10,180,48,334.7,289.6,17.9
92,6,1.5,0.5,0,0,0,0,400,18,400,10,180,48,327.4,276.5,16.9
96.7901,1.217,1.549,0.4439,0,0,0,0,0,0,0,0,0,0,122,78,7.2
96.7901,1.217,1.549,0.4439,0,0,0,0,450,10,0,0,0,0,139,85,8.4
96.7901,1.217,1.549,0.4439,0,0,0,0,450,10,350,16.8,0,0,236,178,28
86.41850009,3.651269611,9.930230295,0,0,0,0,0,500,12,450,9,0,0,367,231,3
86.41850009,3.651269611,9.930230295,0,0,0,0,0,500,12,450,9,225,24,358,226,6.1
96.4,2,1,0.6,0,0,0,0,0,0,0,0,0,0,174,124.7,11.3
96.4,2,1,0.6,0,0,525,1,0,0,0,0,0,0,188,122.7,13.6
96.4,2,1,0.6,0,0,525,4,0,0,0,0,0,0,207,113.8,15.7
96.4,2,1,0.6,0,0,525,8,0,0,0,0,0,0,194,128.7,10.8
94.55,4.33,0.57,0,0.55,0,500,2,0,0,460,6.75,0,0,245.8,153.5,20.05
92.18,6.6,0.61,0,0.61,0,500,2,0,0,460,6.75,0,0,261.2,158.4,20.26
94.31,4.3,0.88,0,0.51,0,500,2,0,0,460,6.75,0,0,310.1,253.63,10.08
95.2,3,0.6,0.6,0.6,0,0,0,0,0,0,0,0,0,169.5,108.5,5.94
94.9,3,0.6,0.6,0.9,0,0,0,0,0,0,0,0,0,170.4,104.7,8.22
94.6,3,0.6,0.6,1.2,0,0,0,0,0,0,0,0,0,191.8,105.6,12.3
93.5,2.51,3.67,0.32,0,0,540,6,0,0,0,0,150,8,241.1,146.1,8.9
90.35,3.71,5.44,0.5,0,0,540,6,0,0,0,0,150,8,253.03,152.1,8
91.76,5.63,2.07,0.54,0,0,540,6,0,0,0,0,200,8,248.97,120.6,8.44
90.42,5.6,3.33,0.65,0,0,540,6,0,0,0,0,200,8,246.13,127.4,9.62
89.17,5.46,4.67,0.7,0,0,540,6,0,0,0,0,200,8,248.1,135.7,9.89
96.5,3,0.5,0,0,0,0,0,420,12,350,16,0,0,232.06,134.13,17.43
94.75,4.5,0.75,0,0,0,0,0,420,12,350,16,0,0,256.34,159.9,18.22
93,6,1,0,0,0,0,0,420,12,350,16,0,0,264.27,169.18,18.97
96.5,3,0.5,0,0,0,0,0,420,12,350,32,0,0,308.22,223.64,14.87
94.75,4.5,0.75,0,0,0,0,0,420,12,350,32,0,0,319.95,226.54,13.86
93,6,1,0,0,0,0,0,420,12,350,32,0,0,336.68,237.54,14.46
95.2,3.8,1,0,0,0,0,0,0,0,0,0,0,0,136.8,102.6,1.5
91,6,3,0,0,0,0,0,0,0,0,0,0,0,186.8,119.5,5.5
95.2,3.8,1,0,0,0,0,0,0,0,350,12.75,0,0,353.6,265.9,13.4
91,6,3,0,0,0,0,0,0,0,350,12.75,0,0,353.6,223,11.5
91.7,6,1.5,0.8,0,0,0,0,0,0,0,0,0,0,164.63,105.58,3.49
90.7,6,1.5,0.8,1,0,0,0,0,0,0,0,0,0,178.04,107.48,3.77
89.7,6,1.5,0.8,2,0,0,0,0,0,0,0,0,0,193.29,120.56,4.57
88.7,6,1.5,0.8,3,0,0,0,0,0,0,0,0,0,206.7,126.46,6.49
87.7,6,1.5,0.8,4,0,0,0,0,0,0,0,0,0,201.26,104.18,6.26
93.4,6,0,0.6,0,0,0,0,400,48,300,8.34,0,0,268.8,161.2,11.8
93.23,5.97,0.2,0.6,0,0,0,0,400,48,300,8.34,0,0,277.7,187.1,10.8
92.67,5.94,0.8,0.59,0,0,0,0,400,48,300,8.34,0,0,289.9,193.6,16.8
92.3,5.91,1.2,0.59,0,0,0,0,400,48,300,8.34,0,0,287.3,208.9,9.8
92.03,5.88,1.5,0.59,0,0,0,0,400,48,300,8.34,0,0,295.6,216.6,11.8
91.86,5.85,1.7,0.59,0,0,0,0,400,48,300,8.34,0,0,304.7,216.7,11.5
91.3,5.82,2.3,0.58,0,0,0,0,400,48,300,8.34,0,0,311,230.8,12
93.11,5.84,1.05,0,0,0,0,0,0,0,0,0,0,0,294.69,103.19,13.33
94.94,3.59,1.47,0,0,0,0,0,0,0,0,0,0,0,240.69,90.1,10.35
94.58,4.11,1.31,0,0,0,0,0,0,0,0,0,0,0,160.78,85.46,15.74
99,0,1,0,0,0,0,0,520,20,450,25,0,0,213,73,34.2
98,0,2,0,0,0,0,0,520,20,450,25,0,0,224,96,27.6
97,0,3,0,0,0,0,0,520,20,450,25,0,0,237,117,23.2
99,0,1,0,0,0,0,0,530,8,300,9,0,0,273.2,237.7,11.1
95,0,5,0,0,0,0,0,530,8,300,9,0,0,290.2,249.4,13.9
99.1,0,0.9,0,0,0,0,0,560,8,300,16,0,0,181.2,104.3,35.2
95.4,0,4.6,0,0,0,0,0,560,8,300,16,0,0,214,173.2,22.8
93.13,6.31,0,0.56,0,0,0,0,400,24,300,16,0,0,352,286,12
93.13,6.31,0,0.56,0,0,0,0,400,24,400,16,0,0,340,272,20
88.9,1.5,3,0.6,0,6,500,5,0,0,0,0,0,0,223.9,138.7,12.1
88.9,1.5,3,0.6,0,6,500,10,0,0,0,0,0,0,218.8,135.6,11.2
88.9,1.5,3,0.6,0,6,500,15,0,0,0,0,0,0,205.7,133.6,10.5
88.9,1.5,3,0.6,0,6,500,20,0,0,0,0,0,0,207.7,138.2,11.2
88.9,1.5,3,0.6,0,6,500,25,0,0,0,0,0,0,210.2,133.1,7.6
89.1,0,2.29,0.17,0,8.44,0,0,500,12,400,12,0,0,342,287,14.2
88.03,0.5,2.58,0.39,0,8.5,0,0,500,12,400,12,0,0,392,330,10.3
93.52,5.91,0,0.57,0,0,0,0,0,0,320,8,0,0,362,315,14.5
85.38,2.77,0,0.45,0,11.4,0,0,430,12,400,15,0,0,338,230,14.9
86.06,4.23,0,0.44,0,9.27,0,0,430,12,400,15,0,0,265,196,20.6
87.8,6.87,0,0.42,0,4.91,0,0,430,12,400,15,0,0,350,285,13.6
93.5,6,0,0.5,0,0,0,0,0,0,300,7,0,0,382,342,14
92,6,0,0.5,1.5,0,0,0,0,0,300,7,0,0,424,408,10.6
82.29,1.53,4.31,0.38,0,11.49,0,0,520,48,450,20,0,0,424,371,7.2
82.86,0,4.22,0.33,1.16,11.43,0,0,520,48,450,20,0,0,379,347,3.3
83.08,0,4.9,0.31,0,11.71,0,0,520,48,450,20,0,0,402,336,7.6
82.29,1.53,4.31,0.38,0,11.49,0,0,520,48,450,20,200,48,480,425,3.7
82.86,0,4.22,0.33,1.16,11.43,0,0,520,48,450,20,200,24,416,402,1.4
83.08,0,4.9,0.31,0,11.71,0,0,520,48,450,20,200,48,483,423,2.2
96.9,2,0.2,0.5,0.4,0,0,0,0,0,0,0,0,0,203,89,35
98,2,0,0,0,0,0,0,0,0,0,0,0,0,145,27,12.23
96,4,0,0,0,0,0,0,0,0,0,0,0,0,216.8,58,15.8
97.04,2,0.46,0,0.5,0,0,0,0,0,0,0,0,0,209,105,10.6
94.4,5,0,0,0.6,0,0,0,0,0,0,0,0,0,236,88,18
92.4,5,0,2,0.6,0,0,0,0,0,0,0,0,0,134,102,3
93.56,5.97,0,0.47,0,0,0,0,0,0,290,18,0,0,371,338,11.1
93.56,5.97,0,0.47,0,0,0,0,0,0,305,18,0,0,368,338,9.2
93.56,5.97,0,0.47,0,0,0,0,0,0,320,18,0,0,362,317,12.5
93.56,5.97,0,0.47,0,0,0,0,0,0,360,18,0,0,367,332,10
91.74,6.23,0,0.49,1.54,0,520,12,0,0,340,18,0,0,360,330,10
91.74,6.23,0,0.49,1.54,0,0,0,0,0,290,18,200,38,418,405,4.2
91.74,6.23,0,0.49,1.54,0,0,0,0,0,305,18,200,38,419,405,4.2
91.74,6.23,0,0.49,1.54,0,0,0,0,0,305,10,0,0,421,403,4.3
91.74,6.23,0,0.49,1.54,0,0,0,0,0,320,18,200,38,416,403,6.2
91.74,6.23,0,0.49,1.54,0,0,0,0,0,340,18,0,0,412,390,10.2
91.74,6.23,0,0.49,1.54,0,0,0,0,0,340,18,200,38,409,396,4.4
91.74,6.23,0,0.49,1.54,0,0,0,0,0,360,18,200,24,407,388,6.7
91.74,6.23,0,0.49,1.54,0,0,0,0,0,360,18,200,38,407,400,4.7
91.74,6.23,0,0.49,1.54,0,0,0,0,0,360,18,200,64,402,384,5.8
91.74,6.23,0,0.49,1.54,0,0,0,0,0,360,18,200,72,400,382,5.7
91.74,6.23,0,0.49,1.54,0,490,16,0,0,320,18,200,38,346,322,7.8
91.74,6.23,0,0.49,1.54,0,490,16,0,0,320,18,200,48,340,320,8
91.74,6.23,0,0.49,1.54,0,490,16,0,0,320,18,200,72,342,315,7
91.74,6.23,0,0.49,1.54,0,520,12,0,0,320,18,0,0,360,330,10
91.74,6.23,0,0.49,1.54,0,520,12,0,0,320,18,200,38,326,326,3.7
91.74,6.23,0,0.49,1.54,0,520,12,0,0,320,18,200,48,346,338,8
91.74,6.23,0,0.49,1.54,0,520,12,0,0,320,18,200,72,332,326,12.1
91.79,5.87,0,0.53,0,1.81,0,0,0,0,290,18,0,0,401,372,5.2
91.79,5.87,0,0.53,0,1.81,0,0,0,0,305,18,0,0,392,361,2.8
91.79,5.87,0,0.53,0,1.81,0,0,0,0,320,18,0,0,405,375,4.1
91.79,5.87,0,0.53,0,1.81,0,0,0,0,340,18,0,0,391,368,5.8
91.79,5.87,0,0.53,0,1.81,0,0,0,0,360,18,0,0,366,331,7.2
91.79,5.87,0,0.53,0,1.81,0,0,0,0,290,18,200,38,409,391,2.2
91.79,5.87,0,0.53,0,1.81,0,0,0,0,305,18,200,38,408,361,1.3
91.79,5.87,0,0.53,0,1.81,0,0,0,0,305,18,200,48,404,381,3.6
91.79,5.87,0,0.53,0,1.81,0,0,0,0,305,18,200,72,407,390,1.7
91.79,5.87,0,0.53,0,1.81,0,0,0,0,305,18,180,72,401,379,1.8
91.79,5.87,0,0.53,0,1.81,0,0,0,0,320,18,200,38,405,391,4.8
91.79,5.87,0,0.53,0,1.81,0,0,0,0,360,18,200,38,371,342,3.2
91.79,5.87,0,0.53,0,1.81,0,0,0,0,360,18,200,48,368,346,2.3
91.79,5.87,0,0.53,0,1.81,0,0,0,0,360,18,200,72,375,251,5.3
91.79,5.87,0,0.53,0,1.81,510,10,0,0,320,18,200,38,352,340,6.7
91.79,5.87,0,0.53,0,1.81,510,10,0,0,320,18,200,48,355,337,5.6
91.79,5.87,0,0.53,0,1.81,510,10,0,0,320,18,200,72,352,340,4.2
91.79,5.87,0,0.53,0,1.81,510,10,0,0,320,18,180,72,353,347,4.4
92.42,5.26,1.65,0.67,0,0,0,0,0,0,320,18,0,0,392,362,10.8
92.42,5.26,1.65,0.67,0,0,490,16,0,0,320,18,0,0,378,346,11.6
92.42,5.26,1.65,0.67,0,0,0,0,0,0,305,32,0,0,401,371,8.2
92.42,5.26,1.65,0.67,0,0,0,0,0,0,305,10,0,0,431,420,1.7
92.42,5.26,1.65,0.67,0,0,0,0,0,0,305,18,200,38,433,418,2.8
92.42,5.26,1.65,0.67,0,0,0,0,0,0,305,18,200,48,426,413,3.5
92.42,5.26,1.65,0.67,0,0,0,0,0,0,305,18,180,72,418,410,2.5
92.42,5.26,1.65,0.67,0,0,0,0,0,0,305,32,200,24,396,391,4.9
92.42,5.26,1.65,0.67,0,0,0,0,0,0,305,32,200,38,397,395,4.2
92.42,5.26,1.65,0.67,0,0,0,0,0,0,305,32,180,25.5,396,395,2.8
92.42,5.26,1.65,0.67,0,0,0,0,0,0,320,18,200,24,397,376,3.4
92.42,5.26,1.65,0.67,0,0,0,0,0,0,320,18,200,38,383,376,3.6
92.42,5.26,1.65,0.67,0,0,0,0,0,0,320,18,180,25.5,380,371,4.3
92.42,5.26,1.65,0.67,0,0,490,16,0,0,320,18,200,24,378,354,5.8
92.42,5.26,1.65,0.67,0,0,490,16,0,0,320,18,200,38,372,360,4.7
92.42,5.26,1.65,0.67,0,0,490,16,0,0,320,18,200,72,373,358,4.9
92.42,5.26,1.65,0.67,0,0,490,16,0,0,320,18,180,72,375,357,4.4
